-- phpMyAdmin SQL Dump
-- version 4.8.5
-- https://www.phpmyadmin.net/
--
-- Host: 127.0.0.1
-- Waktu pembuatan: 06 Apr 2022 pada 06.04
-- Versi server: 10.1.38-MariaDB
-- Versi PHP: 7.3.4

SET SQL_MODE = "NO_AUTO_VALUE_ON_ZERO";
SET AUTOCOMMIT = 0;
START TRANSACTION;
SET time_zone = "+00:00";


/*!40101 SET @OLD_CHARACTER_SET_CLIENT=@@CHARACTER_SET_CLIENT */;
/*!40101 SET @OLD_CHARACTER_SET_RESULTS=@@CHARACTER_SET_RESULTS */;
/*!40101 SET @OLD_COLLATION_CONNECTION=@@COLLATION_CONNECTION */;
/*!40101 SET NAMES utf8mb4 */;

--
-- Database: `truk_mmc2`
--

-- --------------------------------------------------------

--
-- Struktur dari tabel `images`
--

CREATE TABLE `images` (
  `id_img` int(11) NOT NULL,
  `img_truk` varchar(256) DEFAULT NULL,
  `w_image` int(11) DEFAULT NULL,
  `h_image` int(11) DEFAULT NULL,
  `img_od` varchar(256) DEFAULT NULL,
  `label_kepala` varchar(12) DEFAULT NULL,
  `confidence_kepala` double DEFAULT NULL,
  `x_kepala` int(11) DEFAULT NULL,
  `y_kepala` int(11) DEFAULT NULL,
  `w_kepala` int(11) DEFAULT NULL,
  `h_kepala` int(11) DEFAULT NULL,
  `label_badan` varchar(12) DEFAULT NULL,
  `confidence_badan` double DEFAULT NULL,
  `x_badan` int(11) DEFAULT NULL,
  `y_badan` int(11) DEFAULT NULL,
  `w_badan` int(11) DEFAULT NULL,
  `h_badan` int(11) DEFAULT NULL,
  `od_test` varchar(16) DEFAULT NULL,
  `status` varchar(16) DEFAULT NULL
) ENGINE=InnoDB DEFAULT CHARSET=latin1;

--
-- Dumping data untuk tabel `images`
--

INSERT INTO `images` (`id_img`, `img_truk`, `w_image`, `h_image`, `img_od`, `label_kepala`, `confidence_kepala`, `x_kepala`, `y_kepala`, `w_kepala`, `h_kepala`, `label_badan`, `confidence_badan`, `x_badan`, `y_badan`, `w_badan`, `h_badan`, `od_test`, `status`) VALUES
(14, './truk-ori/truk1647498762.jpg', 201, 180, './truk-od/trukOD1647498762.jpg', 'kepala_truk', 99, 7, 46, 140, 127, 'badan_truk', 99, 26, 1, 153, 129, NULL, 'uji'),
(15, './truk-ori/truk1647498763.jpg', 286, 283, './truk-od/trukOD1647498764.jpg', 'kepala_truk', 99, 6, 46, 226, 199, 'badan_truk', 99, 39, 0, 246, 179, NULL, 'uji'),
(16, './truk-ori/truk1647498789.jpg', 202, 173, './truk-od/trukOD1647498789.jpg', 'kepala_truk', 98, 2, 50, 138, 119, 'badan_truk', 99, 18, -2, 153, 133, NULL, 'uji'),
(17, './truk-ori/truk1647498815.jpg', 210, 129, './truk-od/trukOD1647498815.jpg', 'kepala_truk', 71, 1, 76, 115, 100, 'badan_truk', 82, 6, 1, 128, 153, NULL, 'uji'),
(18, './truk-ori/truk1647498816.jpg', 255, 188, './truk-od/trukOD1647498816.jpg', 'kepala_truk', 99, 1, 81, 155, 133, 'badan_truk', 98, 19, 4, 169, 178, NULL, 'uji'),
(19, './truk-ori/truk1647498819.jpg', 201, 177, './truk-od/trukOD1647498819.jpg', 'kepala_truk', 99, 2, 49, 142, 121, 'badan_truk', 95, 19, 9, 157, 130, NULL, 'uji'),
(20, './truk-ori/truk1647498820.jpg', 298, 336, './truk-od/trukOD1647498820.jpg', 'kepala_truk', 99, 1, 35, 257, 206, 'badan_truk', 99, 48, 1, 283, 178, NULL, 'uji'),
(21, './truk-ori/truk1647498825.jpg', 204, 183, './truk-od/trukOD1647498825.jpg', 'kepala_truk', 99, 56, 70, 127, 106, 'badan_truk', 99, 0, 2, 172, 147, NULL, 'uji'),
(22, './truk-ori/truk1647498839.jpg', 206, 203, './truk-od/trukOD1647498840.jpg', 'kepala_truk', 72, 72, 76, 124, 109, 'badan_truk', 99, 4, 2, 180, 151, NULL, 'uji'),
(23, './truk-ori/truk1647498850.jpg', 201, 199, './truk-od/trukOD1647498850.jpg', 'kepala_truk', 99, 3, 27, 150, 147, 'badan_truk', 97, 25, -1, 171, 127, NULL, 'uji'),
(24, './truk-ori/truk1647498869.jpg', 206, 140, './truk-od/trukOD1647498869.jpg', 'kepala_truk', 96, 0, 82, 109, 98, 'badan_truk', 81, 15, 2, 124, 153, NULL, 'uji'),
(25, './truk-ori/truk1647498870.jpg', 378, 337, './truk-od/trukOD1647498870.jpg', 'kepala_truk', 99, 7, 124, 246, 200, 'badan_truk', 99, 58, 9, 263, 262, NULL, 'uji'),
(26, './truk-ori/truk1647498891.jpg', 202, 201, './truk-od/trukOD1647498891.jpg', 'kepala_truk', 99, 78, 56, 122, 115, 'badan_truk', 68, 3, 4, 188, 137, NULL, 'uji'),
(27, './truk-ori/truk1647498892.jpg', 330, 274, './truk-od/trukOD1647498892.jpg', 'kepala_truk', 84, 74, 89, 200, 193, 'badan_truk', 91, 6, 3, 240, 214, NULL, 'uji'),
(28, './truk-ori/truk1647498908.jpg', 201, 166, './truk-od/trukOD1647498909.jpg', 'kepala_truk', 99, 1, 50, 121, 134, 'badan_truk', 97, 20, 5, 141, 141, NULL, 'uji'),
(29, './truk-ori/truk1647498915.jpg', 210, 204, './truk-od/trukOD1647498915.jpg', 'kepala_truk', 99, 4, 28, 148, 137, 'badan_truk', 98, 23, 5, 180, 124, NULL, 'uji'),
(30, './truk-ori/truk1647498928.jpg', 204, 231, './truk-od/trukOD1647498928.jpg', 'kepala_truk', 99, 8, 23, 174, 144, 'badan_truk', 99, 36, 3, 187, 129, NULL, 'uji'),
(31, './truk-ori/truk1647498935.jpg', 202, 138, './truk-od/trukOD1647498935.jpg', 'kepala_truk', 99, 6, 87, 100, 93, 'badan_truk', 92, 10, -8, 131, 170, NULL, 'uji'),
(32, './truk-ori/truk1647498936.jpg', 373, 266, './truk-od/trukOD1647498937.jpg', 'kepala_truk', 99, 2, 156, 196, 178, 'badan_truk', 99, 30, -8, 235, 300, NULL, 'uji'),
(33, './truk-ori/truk1647498954.jpg', 203, 224, './truk-od/trukOD1647498955.jpg', 'kepala_truk', 99, 8, 27, 150, 134, 'badan_truk', 99, 34, 1, 188, 115, NULL, 'uji'),
(34, './truk-ori/truk1647498963.jpg', 202, 171, './truk-od/trukOD1647498963.jpg', 'kepala_truk', 92, 0, 54, 133, 111, 'badan_truk', 96, 14, 1, 159, 129, NULL, 'uji'),
(35, './truk-ori/truk1647498968.jpg', 202, 190, './truk-od/trukOD1647498968.jpg', 'kepala_truk', 87, 5, 76, 130, 105, 'badan_truk', 99, 22, 1, 166, 148, NULL, 'uji'),
(36, './truk-ori/truk1647498971.jpg', 202, 182, './truk-od/trukOD1647498972.jpg', 'kepala_truk', 99, 4, 44, 126, 132, 'badan_truk', 99, 15, 0, 169, 132, NULL, 'uji'),
(37, './truk-ori/truk1647498973.jpg', 367, 366, './truk-od/trukOD1647498973.jpg', 'kepala_truk', 78, 12, 75, 242, 255, 'badan_truk', 74, 35, 16, 338, 234, NULL, 'uji'),
(38, './truk-ori/truk1647498982.jpg', 201, 157, './truk-od/trukOD1647498982.jpg', 'kepala_truk', 99, -1, 67, 118, 99, 'badan_truk', 92, 6, 6, 152, 133, NULL, 'uji'),
(39, './truk-ori/truk1647499014.jpg', 201, 173, './truk-od/trukOD1647499014.jpg', 'kepala_truk', 99, 0, 40, 132, 139, 'badan_truk', 95, 18, 3, 155, 139, NULL, 'uji'),
(40, './truk-ori/truk1647499015.jpg', 253, 257, './truk-od/trukOD1647499015.jpg', 'kepala_truk', 99, 11, 29, 171, 187, 'badan_truk', 99, 36, -3, 216, 166, NULL, 'uji'),
(41, './truk-ori/truk1647499017.jpg', 205, 139, './truk-od/trukOD1647499018.jpg', 'kepala_truk', 99, 3, 39, 88, 121, 'badan_truk', 74, 10, 5, 131, 122, NULL, 'uji'),
(42, './truk-ori/truk1647499019.jpg', 282, 351, './truk-od/trukOD1647499019.jpg', 'kepala_truk', 99, 3, 42, 228, 190, 'badan_truk', 99, 64, 1, 276, 183, NULL, 'uji'),
(43, './truk-ori/truk1647499022.jpg', 201, 217, './truk-od/trukOD1647499022.jpg', 'kepala_truk', 97, 5, 28, 148, 138, 'badan_truk', 99, 24, 1, 192, 121, NULL, 'uji'),
(44, './truk-ori/truk1647499023.jpg', 281, 335, './truk-od/trukOD1647499023.jpg', 'kepala_truk', 99, -4, 37, 225, 204, 'badan_truk', 99, 34, 5, 304, 171, NULL, 'uji'),
(45, './truk-ori/truk1647499037.jpg', 201, 218, './truk-od/trukOD1647499037.jpg', 'kepala_truk', 99, 3, 21, 163, 150, 'badan_truk', 99, 27, 1, 190, 125, NULL, 'uji'),
(46, './truk-ori/truk1647499045.jpg', 202, 160, './truk-od/trukOD1647499046.jpg', 'kepala_truk', 97, 5, 77, 117, 103, 'badan_truk', 99, 17, 0, 143, 153, NULL, 'uji'),
(47, './truk-ori/truk1647499062.jpg', 201, 247, './truk-od/trukOD1647499062.jpg', 'kepala_truk', 98, 76, 13, 161, 158, 'badan_truk', 98, 9, -1, 209, 122, NULL, 'uji'),
(48, './truk-ori/truk1647499063.jpg', 222, 200, './truk-od/trukOD1647499063.jpg', 'kepala_truk', 99, 63, 64, 135, 128, 'badan_truk', 99, 5, 1, 177, 160, NULL, 'uji'),
(49, './truk-ori/truk1647499064.jpg', 339, 334, './truk-od/trukOD1647499064.jpg', 'kepala_truk', 99, 116, 101, 220, 202, 'badan_truk', 99, 0, 0, 310, 250, NULL, 'uji'),
(50, './truk-ori/truk1647499081.jpg', 202, 230, './truk-od/trukOD1647499081.jpg', 'kepala_truk', 99, 87, 54, 142, 124, 'badan_truk', 98, 4, 2, 207, 143, NULL, 'uji'),
(51, './truk-ori/truk1647499082.jpg', 222, 198, './truk-od/trukOD1647499082.jpg', 'kepala_truk', 78, 47, 80, 145, 122, 'badan_truk', 99, 5, 3, 178, 157, NULL, 'uji'),
(52, './truk-ori/truk1647499093.jpg', 205, 208, './truk-od/trukOD1647499093.jpg', 'kepala_truk', 99, 77, 52, 126, 128, 'badan_truk', 99, 7, 1, 182, 147, NULL, 'uji'),
(53, './truk-ori/truk1647499233.jpg', 201, 154, './truk-od/trukOD1647499234.jpg', 'kepala_truk', 99, 0, 61, 123, 107, 'badan_truk', 99, 15, 5, 140, 137, NULL, 'active'),
(54, './truk-ori/truk1647499235.jpg', 265, 224, './truk-od/trukOD1647499235.jpg', 'kepala_truk', 99, 0, 71, 183, 151, 'badan_truk', 99, 24, 8, 200, 178, NULL, 'active'),
(57, './truk-ori/truk1647499245.jpg', 362, 362, './truk-od/trukOD1647499245.jpg', 'kepala_truk', 97, 2, 71, 302, 256, 'badan_truk', 89, 186, -2, 173, 289, NULL, 'active'),
(58, './truk-ori/truk1647499256.jpg', 209, 240, './truk-od/trukOD1647499256.jpg', 'kepala_truk', 99, -3, 10, 190, 155, 'badan_truk', 99, 42, 1, 196, 123, NULL, 'active'),
(59, './truk-ori/truk1647499281.jpg', 204, 163, './truk-od/trukOD1647499282.jpg', 'kepala_truk', 99, 2, 61, 129, 104, 'badan_truk', 96, 18, 6, 145, 135, NULL, 'active'),
(60, './truk-ori/truk1647499283.jpg', 364, 330, './truk-od/trukOD1647499283.jpg', 'kepala_truk', 99, -2, 107, 251, 198, 'badan_truk', 99, 53, 10, 272, 245, NULL, 'active'),
(61, './truk-ori/truk1647499301.jpg', 201, 126, './truk-od/trukOD1647499301.jpg', 'kepala_truk', 87, 6, 51, 101, 117, 'badan_truk', 96, 5, 9, 117, 128, NULL, 'active'),
(62, './truk-ori/truk1647499344.jpg', 202, 173, './truk-od/trukOD1647499344.jpg', 'kepala_truk', 66, 6, 53, 132, 113, 'badan_truk', 89, 16, 7, 159, 132, NULL, 'active'),
(63, './truk-ori/truk1647499345.jpg', 285, 246, './truk-od/trukOD1647499346.jpg', 'kepala_truk', 71, 0, 71, 187, 168, 'badan_truk', 90, 27, 11, 204, 185, NULL, 'active'),
(64, './truk-ori/truk1647499378.jpg', 204, 164, './truk-od/trukOD1647499378.jpg', 'kepala_truk', 99, 15, 58, 123, 107, 'badan_truk', 82, 16, 1, 148, 133, NULL, 'active'),
(65, './truk-ori/truk1647499379.jpg', 294, 233, './truk-od/trukOD1647499380.jpg', 'kepala_truk', 99, 1, 79, 192, 164, 'badan_truk', 94, 20, -5, 215, 206, NULL, 'active'),
(66, './truk-ori/truk1647499386.jpg', 202, 208, './truk-od/trukOD1647499386.jpg', 'kepala_truk', 99, 6, 29, 152, 143, 'badan_truk', 99, 30, -2, 169, 136, NULL, 'active'),
(67, './truk-ori/truk1647499390.jpg', 201, 161, './truk-od/trukOD1647499390.jpg', 'kepala_truk', 99, 0, 58, 130, 112, 'badan_truk', 87, 13, 5, 142, 135, NULL, 'active'),
(68, './truk-ori/truk1647499391.jpg', 314, 294, './truk-od/trukOD1647499391.jpg', 'kepala_truk', 99, 0, 91, 221, 180, 'badan_truk', 99, 43, 7, 246, 216, NULL, 'active'),
(69, './truk-ori/truk1647499404.jpg', 204, 146, './truk-od/trukOD1647499404.jpg', 'kepala_truk', 98, -1, 75, 109, 97, 'badan_truk', 99, 6, 4, 132, 148, NULL, 'active'),
(70, './truk-ori/truk1647499405.jpg', 286, 227, './truk-od/trukOD1647499405.jpg', 'kepala_truk', 99, 2, 102, 164, 146, 'badan_truk', 99, 24, -3, 201, 226, NULL, 'active'),
(71, './truk-ori/truk1647499408.jpg', 203, 174, './truk-od/trukOD1647499408.jpg', 'kepala_truk', 98, 3, 48, 138, 125, 'badan_truk', 99, 24, 1, 145, 132, NULL, 'active'),
(72, './truk-ori/truk1647499409.jpg', 310, 293, './truk-od/trukOD1647499409.jpg', 'kepala_truk', 97, -1, 68, 229, 202, 'badan_truk', 99, 53, 2, 234, 204, NULL, 'active'),
(73, './truk-ori/truk1647499424.jpg', 203, 158, './truk-od/trukOD1647499424.jpg', 'kepala_truk', 99, -3, 42, 132, 125, 'badan_truk', 97, 10, 9, 141, 132, NULL, 'active'),
(74, './truk-ori/truk1647499446.jpg', 201, 160, './truk-od/trukOD1647499446.jpg', 'kepala_truk', 98, 8, 52, 130, 116, 'badan_truk', 65, 16, 4, 146, 137, NULL, 'active'),
(75, './truk-ori/truk1647499447.jpg', 311, 243, './truk-od/trukOD1647499447.jpg', 'kepala_truk', 83, -3, 86, 210, 165, 'badan_truk', 99, 28, -2, 212, 210, NULL, 'active'),
(76, './truk-ori/truk1647499477.jpg', 201, 176, './truk-od/trukOD1647499477.jpg', 'kepala_truk', 99, 4, 65, 129, 110, 'badan_truk', 89, 13, 2, 168, 143, NULL, 'active'),
(77, './truk-ori/truk1647499480.jpg', 202, 150, './truk-od/trukOD1647499480.jpg', 'kepala_truk', 99, 1, 64, 116, 102, 'badan_truk', 79, 12, 4, 140, 141, NULL, 'active'),
(78, './truk-ori/truk1647499481.jpg', 316, 255, './truk-od/trukOD1647499481.jpg', 'kepala_truk', 99, -3, 94, 200, 176, 'badan_truk', 98, 26, 3, 229, 225, NULL, 'active'),
(79, './truk-ori/truk1647499506.jpg', 213, 145, './truk-od/trukOD1647499506.jpg', 'kepala_truk', 98, 2, 65, 127, 108, 'badan_truk', 92, 9, 7, 140, 143, NULL, 'active'),
(80, './truk-ori/truk1647499507.jpg', 297, 271, './truk-od/trukOD1647499508.jpg', 'kepala_truk', 99, -2, 80, 214, 172, 'badan_truk', 90, 25, 6, 247, 205, NULL, 'active'),
(81, './truk-ori/truk1647499526.jpg', 204, 150, './truk-od/trukOD1647499527.jpg', 'kepala_truk', 96, 43, 78, 106, 104, 'badan_truk', 99, 4, 1, 132, 148, NULL, 'active'),
(82, './truk-ori/truk1647499534.jpg', 209, 173, './truk-od/trukOD1647499534.jpg', 'kepala_truk', 70, 56, 70, 114, 126, 'badan_truk', 99, 2, 1, 160, 158, NULL, 'active'),
(83, './truk-ori/truk1647499548.jpg', 201, 195, './truk-od/trukOD1647499549.jpg', 'kepala_truk', 99, 59, 61, 131, 112, 'badan_truk', 99, 1, 2, 177, 143, NULL, 'active'),
(84, './truk-ori/truk1647499550.jpg', 300, 350, './truk-od/trukOD1647499550.jpg', 'kepala_truk', 99, 121, 79, 227, 182, 'badan_truk', 93, 0, 5, 304, 207, NULL, 'active'),
(85, './truk-ori/truk1647499551.jpg', 212, 185, './truk-od/trukOD1647499551.jpg', 'kepala_truk', 99, 58, 79, 123, 102, 'badan_truk', 99, 1, 4, 172, 148, NULL, 'active'),
(86, './truk-ori/truk1647499552.jpg', 321, 366, './truk-od/trukOD1647499552.jpg', 'kepala_truk', 99, 129, 105, 220, 174, 'badan_truk', 82, 1, 2, 333, 230, NULL, 'active'),
(87, './truk-ori/truk1647499555.jpg', 203, 207, './truk-od/trukOD1647499555.jpg', 'kepala_truk', 99, 67, 53, 137, 115, 'badan_truk', 89, 0, 6, 191, 136, NULL, 'active'),
(88, './truk-ori/truk1647499560.jpg', 201, 164, './truk-od/trukOD1647499560.jpg', 'kepala_truk', 99, 48, 70, 115, 102, 'badan_truk', 99, 2, 3, 147, 147, NULL, 'active'),
(89, './truk-ori/truk1647499561.jpg', 284, 296, './truk-od/trukOD1647499561.jpg', 'kepala_truk', 77, 110, 104, 180, 154, 'badan_truk', 99, 4, -2, 266, 219, NULL, 'active'),
(90, './truk-ori/truk1647499613.jpg', 201, 189, './truk-od/trukOD1647499613.jpg', 'kepala_truk', 99, 0, 36, 151, 130, 'badan_truk', 98, 23, 0, 161, 136, NULL, 'active'),
(91, './truk-ori/truk1647499614.jpg', 306, 366, './truk-od/trukOD1647499614.jpg', 'kepala_truk', 99, 7, 40, 263, 224, 'badan_truk', 99, 60, -2, 292, 207, NULL, 'active'),
(92, './truk-ori/truk1647499634.jpg', 203, 129, './truk-od/trukOD1647499635.jpg', 'kepala_truk', 71, 61, 76, 65, 107, 'badan_truk', 60, 8, 4, 124, 147, NULL, 'active'),
(93, './truk-ori/truk1647499636.jpg', 339, 377, './truk-od/trukOD1647499636.jpg', 'kepala_truk', 99, 138, 104, 241, 192, 'badan_truk', 99, 8, 0, 332, 249, NULL, 'active'),
(94, './truk-ori/truk1647499639.jpg', 249, 231, './truk-od/trukOD1647499640.jpg', 'kepala_truk', 97, 70, 58, 153, 139, 'badan_truk', 99, 8, 2, 196, 148, NULL, 'active'),
(95, './truk-ori/truk1647499663.jpg', 205, 132, './truk-od/trukOD1647499663.jpg', 'kepala_truk', 99, 0, 67, 110, 104, 'badan_truk', 70, 10, 4, 126, 141, NULL, 'active'),
(96, './truk-ori/truk1647499683.jpg', 203, 176, './truk-od/trukOD1647499684.jpg', 'kepala_truk', 99, 1, 45, 146, 133, 'badan_truk', 71, 21, 8, 144, 131, NULL, 'active'),
(97, './truk-ori/truk1647499686.jpg', 202, 186, './truk-od/trukOD1647499686.jpg', 'kepala_truk', 99, 0, 34, 155, 135, 'badan_truk', 99, 22, 1, 161, 132, NULL, 'active'),
(98, './truk-ori/truk1647499690.jpg', 204, 185, './truk-od/trukOD1647499691.jpg', 'kepala_truk', 90, 8, 43, 151, 124, 'badan_truk', 98, 22, 13, 159, 125, NULL, 'active'),
(99, './truk-ori/truk1647499696.jpg', 202, 165, './truk-od/trukOD1647499696.jpg', 'kepala_truk', 99, -3, 46, 142, 127, 'badan_truk', 98, 21, 10, 141, 127, NULL, 'active'),
(100, './truk-ori/truk1647499710.jpg', 203, 184, './truk-od/trukOD1647499710.jpg', 'kepala_truk', 99, 56, 68, 129, 109, 'badan_truk', 99, 2, 4, 165, 146, NULL, 'active'),
(101, './truk-ori/truk1647499711.jpg', 325, 345, './truk-od/trukOD1647499711.jpg', 'kepala_truk', 98, 133, 106, 212, 172, 'badan_truk', 96, 5, 1, 306, 235, NULL, 'active'),
(102, './truk-ori/truk1647499751.jpg', 202, 189, './truk-od/trukOD1647499751.jpg', 'kepala_truk', 99, 57, 58, 127, 108, 'badan_truk', 95, 4, 10, 167, 128, NULL, 'active'),
(103, './truk-ori/truk1647499752.jpg', 268, 290, './truk-od/trukOD1647499753.jpg', 'kepala_truk', 99, 98, 76, 188, 158, 'badan_truk', 98, 6, 3, 257, 190, NULL, 'active'),
(104, './truk-ori/truk1647499766.jpg', 216, 172, './truk-od/trukOD1647499767.jpg', 'kepala_truk', 71, 80, 121, 91, 92, 'badan_truk', 99, 1, 7, 168, 152, NULL, 'active'),
(105, './truk-ori/truk1647499768.jpg', 305, 318, './truk-od/trukOD1647499768.jpg', 'kepala_truk', 98, 113, 87, 206, 165, 'badan_truk', 99, 7, 7, 283, 209, NULL, 'active'),
(106, './truk-ori/truk1647499771.jpg', 202, 221, './truk-od/trukOD1647499771.jpg', 'kepala_truk', 98, 73, 48, 145, 123, 'badan_truk', 66, 8, 5, 190, 135, NULL, 'active'),
(107, './truk-ori/truk1647499776.jpg', 206, 266, './truk-od/trukOD1647499776.jpg', 'kepala_truk', 99, 89, 12, 179, 145, 'badan_truk', 97, -1, 0, 205, 115, NULL, 'active'),
(108, './truk-ori/truk1647499780.jpg', 293, 375, './truk-od/trukOD1647499780.jpg', 'kepala_truk', 95, 256, 67, 118, 135, 'badan_truk', 98, 39, -4, 337, 181, NULL, 'active'),
(109, './truk-ori/truk1647499781.jpg', 291, 364, './truk-od/trukOD1647499782.jpg', 'kepala_truk', 99, 139, 78, 218, 173, 'badan_truk', 93, 6, 1, 296, 209, NULL, 'active'),
(110, './truk-ori/truk1647499792.jpg', 204, 204, './truk-od/trukOD1647499792.jpg', 'kepala_truk', 97, 63, 53, 137, 117, 'badan_truk', 78, 1, 9, 189, 129, NULL, 'active'),
(111, './truk-ori/truk1647499793.jpg', 273, 299, './truk-od/trukOD1647499793.jpg', 'kepala_truk', 99, 104, 66, 190, 169, 'badan_truk', 97, 5, 11, 268, 177, NULL, 'active'),
(112, './truk-ori/truk1647499815.jpg', 204, 201, './truk-od/trukOD1647499816.jpg', 'kepala_truk', 82, 1, 86, 41, 111, 'badan_truk', 99, 4, -3, 177, 136, NULL, 'active'),
(113, './truk-ori/truk1647499817.jpg', 307, 369, './truk-od/trukOD1647499817.jpg', 'kepala_truk', 98, 133, 76, 229, 184, 'badan_truk', 99, 14, -5, 311, 210, NULL, 'active'),
(114, './truk-ori/truk1647499826.jpg', 201, 225, './truk-od/trukOD1647499826.jpg', 'kepala_truk', 90, 75, 44, 141, 130, 'badan_truk', 99, 7, 0, 196, 132, NULL, 'active'),
(115, './truk-ori/truk1647499842.jpg', 285, 360, './truk-od/trukOD1647499842.jpg', 'kepala_truk', 96, 165, 81, 196, 177, 'badan_truk', 99, 6, 4, 334, 201, NULL, 'active'),
(116, './truk-ori/truk1647499843.jpg', 214, 257, './truk-od/trukOD1647499843.jpg', 'kepala_truk', 99, 91, 30, 166, 147, 'badan_truk', 99, 6, 0, 229, 138, NULL, 'active'),
(117, './truk-ori/truk1647499868.jpg', 225, 251, './truk-od/trukOD1647499869.jpg', 'kepala_truk', 97, 33, 9, 211, 202, 'badan_truk', 90, 0, -5, 205, 182, NULL, 'active'),
(118, './truk-ori/truk1647499870.jpg', 245, 318, './truk-od/trukOD1647499870.jpg', 'kepala_truk', 99, 116, 38, 199, 150, 'badan_truk', 99, 9, -1, 279, 160, NULL, 'active'),
(119, './truk-ori/truk1647499875.jpg', 210, 202, './truk-od/trukOD1647499875.jpg', 'kepala_truk', 99, 2, 18, 193, 165, 'badan_truk', 97, 0, 3, 169, 129, NULL, 'active'),
(120, './truk-ori/truk1647499883.jpg', 205, 215, './truk-od/trukOD1647499883.jpg', 'kepala_truk', 92, 62, 43, 149, 137, 'badan_truk', 97, 2, 4, 169, 139, NULL, 'active'),
(121, './truk-ori/truk1647499892.jpg', 207, 199, './truk-od/trukOD1647499892.jpg', 'kepala_truk', 61, 56, 12, 139, 169, 'badan_truk', 99, 0, 3, 184, 128, NULL, 'active'),
(122, './truk-ori/truk1647499901.jpg', 206, 190, './truk-od/trukOD1647499901.jpg', 'kepala_truk', 88, 60, 35, 128, 118, 'badan_truk', 64, 3, 1, 169, 114, NULL, 'active'),
(123, './truk-ori/truk1647499902.jpg', 260, 323, './truk-od/trukOD1647499902.jpg', 'kepala_truk', 99, 119, 32, 202, 191, 'badan_truk', 99, 3, 1, 253, 166, NULL, 'active'),
(124, './truk-ori/truk1647499919.jpg', 201, 187, './truk-od/trukOD1647499919.jpg', 'kepala_truk', 98, 61, 68, 126, 102, 'badan_truk', 99, 3, 5, 168, 144, NULL, 'active'),
(125, './truk-ori/truk1647499924.jpg', 301, 299, './truk-od/trukOD1647499924.jpg', 'kepala_truk', 92, 115, 121, 176, 147, 'badan_truk', 98, 12, 1, 250, 225, NULL, 'active'),
(126, './truk-ori/truk1647499936.jpg', 208, 145, './truk-od/trukOD1647499936.jpg', 'kepala_truk', 92, -1, 15, 135, 160, 'badan_truk', 83, 11, 1, 137, 129, NULL, 'active'),
(127, './truk-ori/truk1647499937.jpg', 284, 228, './truk-od/trukOD1647499938.jpg', 'kepala_truk', 98, 8, 8, 200, 243, 'badan_truk', 99, 38, 0, 191, 177, NULL, 'active'),
(128, './truk-ori/truk1647499980.jpg', 201, 203, './truk-od/trukOD1647499980.jpg', 'kepala_truk', 64, 6, 40, 146, 138, 'badan_truk', 81, 23, 8, 165, 129, NULL, 'active'),
(129, './truk-ori/truk1647499984.jpg', 202, 203, './truk-od/trukOD1647499984.jpg', 'kepala_truk', 99, 6, 20, 173, 151, 'badan_truk', 99, 24, 2, 180, 126, NULL, 'active'),
(130, './truk-ori/truk1647500113.jpg', 205, 202, './truk-od/trukOD1647500113.jpg', 'kepala_truk', 90, 1, 45, 165, 132, 'badan_truk', 94, 29, 7, 170, 135, NULL, 'active'),
(131, './truk-ori/truk1647500126.jpg', 206, 218, './truk-od/trukOD1647500126.jpg', 'kepala_truk', 99, 6, 35, 151, 138, 'badan_truk', 85, 29, 10, 186, 129, NULL, 'active'),
(132, './truk-ori/truk1647500133.jpg', 201, 194, './truk-od/trukOD1647500133.jpg', 'kepala_truk', 99, 3, 45, 140, 129, 'badan_truk', 93, 20, 4, 157, 138, NULL, 'active'),
(133, './truk-ori/truk1647500157.jpg', 207, 186, './truk-od/trukOD1647500157.jpg', 'kepala_truk', 99, 1, 45, 150, 135, 'badan_truk', 99, 28, 1, 156, 130, NULL, 'active'),
(134, './truk-ori/truk1647500205.jpg', 201, 94, './truk-od/trukOD1647500205.jpg', 'kepala_truk', 79, 6, 43, 84, 132, 'badan_truk', 94, 17, 5, 78, 123, NULL, 'active'),
(135, './truk-ori/truk1647500222.jpg', 211, 222, './truk-od/trukOD1647500222.jpg', 'kepala_truk', 99, 3, 16, 156, 146, 'badan_truk', 97, 28, 0, 189, 122, NULL, 'active'),
(136, './truk-ori/truk1647500242.jpg', 201, 203, './truk-od/trukOD1647500243.jpg', 'kepala_truk', 94, 75, 48, 126, 123, 'badan_truk', 99, 6, 0, 182, 129, NULL, 'active'),
(137, './truk-ori/truk1647500261.jpg', 207, 216, './truk-od/trukOD1647500262.jpg', 'kepala_truk', 99, 6, 25, 160, 142, 'badan_truk', 96, 29, 0, 181, 131, NULL, 'active'),
(138, './truk-ori/truk1647500313.jpg', 206, 205, './truk-od/trukOD1647500313.jpg', 'kepala_truk', 99, 2, 39, 166, 145, 'badan_truk', 93, 38, 0, 160, 150, NULL, 'active'),
(139, './truk-ori/truk1647500337.jpg', 209, 209, './truk-od/trukOD1647500337.jpg', 'kepala_truk', 99, 0, 24, 158, 152, 'badan_truk', 99, 21, 1, 188, 129, NULL, 'active'),
(140, './truk-ori/truk1647500344.jpg', 203, 210, './truk-od/trukOD1647500344.jpg', 'kepala_truk', 99, 7, 23, 154, 147, 'badan_truk', 99, 29, 0, 176, 127, NULL, 'active'),
(141, './truk-ori/truk1647500370.jpg', 205, 153, './truk-od/trukOD1647500370.jpg', 'kepala_truk', 99, 0, 70, 123, 105, 'badan_truk', 93, 12, 7, 144, 135, NULL, 'active'),
(142, './truk-ori/truk1647500380.jpg', 202, 184, './truk-od/trukOD1647500380.jpg', 'kepala_truk', 99, 0, 34, 144, 133, 'badan_truk', 99, 21, -3, 161, 132, NULL, 'active'),
(143, './truk-ori/truk1647500398.jpg', 201, 186, './truk-od/trukOD1647500399.jpg', 'kepala_truk', 99, 1, 46, 138, 128, 'badan_truk', 93, 18, 6, 153, 134, NULL, 'active'),
(144, './truk-ori/truk1647500420.jpg', 204, 165, './truk-od/trukOD1647500420.jpg', 'kepala_truk', 99, 2, 41, 123, 139, 'badan_truk', 64, 15, 6, 139, 136, NULL, 'active'),
(145, './truk-ori/truk1647500423.jpg', 204, 173, './truk-od/trukOD1647500424.jpg', 'kepala_truk', 88, 7, 35, 141, 137, 'badan_truk', 99, 21, -1, 149, 132, NULL, 'active'),
(146, './truk-ori/truk1647500478.jpg', 204, 162, './truk-od/trukOD1647500478.jpg', 'kepala_truk', 99, 3, 59, 123, 112, 'badan_truk', 69, 12, 4, 153, 140, NULL, 'active'),
(147, './truk-ori/truk1647500480.jpg', 202, 142, './truk-od/trukOD1647500480.jpg', 'kepala_truk', 99, 0, 65, 106, 103, 'badan_truk', 76, 10, 3, 127, 139, NULL, 'active'),
(148, './truk-ori/truk1647500482.jpg', 204, 185, './truk-od/trukOD1647500483.jpg', 'kepala_truk', 95, 0, 48, 139, 126, 'badan_truk', 98, 19, 7, 154, 133, NULL, 'active'),
(149, './truk-ori/truk1647500503.jpg', 230, 210, './truk-od/trukOD1647500503.jpg', 'kepala_truk', 96, -1, 40, 161, 173, 'badan_truk', 84, 5, 6, 204, 155, NULL, 'active'),
(150, './truk-ori/truk1647500521.jpg', 201, 159, './truk-od/trukOD1647500521.jpg', 'kepala_truk', 99, 2, 59, 125, 118, 'badan_truk', 91, 13, 3, 149, 141, NULL, 'active'),
(151, './truk-ori/truk1647500537.jpg', 208, 145, './truk-od/trukOD1647500537.jpg', 'kepala_truk', 99, 0, 69, 113, 106, 'badan_truk', 82, 6, 5, 147, 142, NULL, 'active'),
(152, './truk-ori/truk1647500538.jpg', 374, 305, './truk-od/trukOD1647500538.jpg', 'kepala_truk', 99, -2, 110, 234, 221, 'badan_truk', 99, 35, 3, 269, 270, NULL, 'active'),
(153, './truk-ori/truk1647500556.jpg', 202, 208, './truk-od/trukOD1647500556.jpg', 'kepala_truk', 99, 13, 18, 150, 157, 'badan_truk', 99, 28, 3, 177, 122, NULL, 'active'),
(154, './truk-ori/truk1647500576.jpg', 201, 259, './truk-od/trukOD1647500576.jpg', 'kepala_truk', 99, 102, 27, 153, 135, 'badan_truk', 99, 13, 0, 224, 127, NULL, 'active'),
(155, './truk-ori/truk1647500594.jpg', 207, 226, './truk-od/trukOD1647500594.jpg', 'kepala_truk', 99, 5, 28, 161, 153, 'badan_truk', 99, 27, 3, 195, 129, NULL, 'active'),
(156, './truk-ori/truk1647500623.jpg', 201, 152, './truk-od/trukOD1647500623.jpg', 'kepala_truk', 99, 45, 69, 107, 100, 'badan_truk', 97, -2, 1, 147, 143, NULL, 'active'),
(157, './truk-ori/truk1647500637.jpg', 228, 196, './truk-od/trukOD1647500637.jpg', 'kepala_truk', 97, 76, 54, 119, 117, 'badan_truk', 99, 3, -2, 180, 138, NULL, 'active'),
(158, './truk-ori/truk1647500649.jpg', 201, 264, './truk-od/trukOD1647500649.jpg', 'kepala_truk', 99, 93, 23, 161, 138, 'badan_truk', 99, 12, -1, 219, 121, NULL, 'active'),
(159, './truk-ori/truk1647500657.jpg', 211, 237, './truk-od/trukOD1647500657.jpg', 'kepala_truk', 99, 10, 27, 155, 153, 'badan_truk', 98, 28, 0, 206, 134, NULL, 'active'),
(160, './truk-ori/truk1647500702.jpg', 201, 148, './truk-od/trukOD1647500702.jpg', 'kepala_truk', 99, 2, 69, 112, 103, 'badan_truk', 90, 10, 5, 142, 136, NULL, 'active'),
(161, './truk-ori/truk1647500703.jpg', 347, 292, './truk-od/trukOD1647500703.jpg', 'kepala_truk', 99, -4, 97, 224, 208, 'badan_truk', 99, 34, -5, 254, 234, NULL, 'active'),
(162, './truk-ori/truk1647500707.jpg', 208, 175, './truk-od/trukOD1647500707.jpg', 'kepala_truk', 99, -1, 27, 142, 153, 'badan_truk', 89, 12, 0, 168, 128, NULL, 'active'),
(163, './truk-ori/truk1647500709.jpg', 203, 160, './truk-od/trukOD1647500709.jpg', 'kepala_truk', 96, 1, 54, 125, 113, 'badan_truk', 78, 14, 13, 137, 122, NULL, 'active'),
(164, './truk-ori/truk1647500717.jpg', 208, 242, './truk-od/trukOD1647500718.jpg', 'kepala_truk', 99, 16, 37, 147, 132, 'badan_truk', 99, 31, -2, 205, 135, NULL, 'active'),
(165, './truk-ori/truk1647500726.jpg', 214, 238, './truk-od/trukOD1647500726.jpg', 'kepala_truk', 65, 2, 9, 169, 176, 'badan_truk', 88, 156, 13, 83, 111, NULL, 'active'),
(166, './truk-ori/truk1647500740.jpg', 257, 193, './truk-od/trukOD1647500740.jpg', 'kepala_truk', 98, 27, 106, 129, 125, 'badan_truk', 97, 6, 1, 183, 187, NULL, 'active'),
(167, './truk-ori/truk1647500745.jpg', 204, 160, './truk-od/trukOD1647500745.jpg', 'kepala_truk', 99, 3, 63, 116, 111, 'badan_truk', 95, 9, 0, 158, 149, NULL, 'active'),
(168, './truk-ori/truk1647500746.jpg', 347, 306, './truk-od/trukOD1647500746.jpg', 'kepala_truk', 97, 1, 99, 222, 200, 'badan_truk', 74, 29, 12, 280, 229, NULL, 'active'),
(169, './truk-ori/truk1647500750.jpg', 202, 214, './truk-od/trukOD1647500750.jpg', 'kepala_truk', 99, 2, 22, 153, 143, 'badan_truk', 97, 26, 2, 181, 113, NULL, 'active'),
(170, './truk-ori/truk1647500756.jpg', 212, 210, './truk-od/trukOD1647500756.jpg', 'kepala_truk', 99, 2, 37, 149, 140, 'badan_truk', 98, 21, 1, 189, 127, NULL, 'active'),
(171, './truk-ori/truk1647500767.jpg', 211, 185, './truk-od/trukOD1647500767.jpg', 'kepala_truk', 95, 15, 55, 137, 137, 'badan_truk', 99, 35, 6, 146, 145, NULL, 'active'),
(172, './truk-ori/truk1647500777.jpg', 202, 201, './truk-od/trukOD1647500777.jpg', 'kepala_truk', 99, 13, 35, 136, 129, 'badan_truk', 97, 38, 4, 157, 137, NULL, 'active'),
(173, './truk-ori/truk1647500778.jpg', 269, 294, './truk-od/trukOD1647500779.jpg', 'kepala_truk', 99, 5, 43, 188, 175, 'badan_truk', 84, 42, 8, 245, 180, NULL, 'active'),
(174, './truk-ori/truk1647500782.jpg', 203, 176, './truk-od/trukOD1647500783.jpg', 'kepala_truk', 99, 3, 60, 131, 110, 'badan_truk', 98, 17, 6, 160, 136, NULL, 'active'),
(175, './truk-ori/truk1647500784.jpg', 276, 287, './truk-od/trukOD1647500784.jpg', 'kepala_truk', 99, 13, 77, 188, 158, 'badan_truk', 99, 40, -2, 241, 190, NULL, 'active'),
(176, './truk-ori/truk1647500804.jpg', 201, 182, './truk-od/trukOD1647500804.jpg', 'kepala_truk', 99, 6, 40, 134, 139, 'badan_truk', 95, 23, 6, 158, 134, NULL, 'active'),
(177, './truk-ori/truk1647500806.jpg', 261, 269, './truk-od/trukOD1647500806.jpg', 'kepala_truk', 99, 6, 48, 185, 196, 'badan_truk', 99, 34, 1, 232, 189, NULL, 'active'),
(178, './truk-ori/truk1647500807.jpg', 223, 201, './truk-od/trukOD1647500808.jpg', 'kepala_truk', 99, 9, 64, 132, 126, 'badan_truk', 98, 23, 6, 178, 150, NULL, 'active'),
(179, './truk-ori/truk1647500809.jpg', 295, 287, './truk-od/trukOD1647500809.jpg', 'kepala_truk', 79, 8, 71, 192, 183, 'badan_truk', 99, 39, -1, 243, 198, NULL, 'active'),
(180, './truk-ori/truk1647500831.jpg', 201, 173, './truk-od/trukOD1647500832.jpg', 'kepala_truk', 99, 8, 61, 121, 103, 'badan_truk', 80, 16, 3, 159, 139, NULL, 'active'),
(181, './truk-ori/truk1647500833.jpg', 290, 292, './truk-od/trukOD1647500833.jpg', 'kepala_truk', 73, 13, 86, 187, 147, 'badan_truk', 99, 36, -1, 249, 198, NULL, 'active'),
(182, './truk-ori/truk1647500835.jpg', 202, 189, './truk-od/trukOD1647500835.jpg', 'kepala_truk', 94, 3, 52, 135, 116, 'badan_truk', 60, 16, 12, 168, 122, NULL, 'active'),
(183, './truk-ori/truk1647500836.jpg', 316, 346, './truk-od/trukOD1647500836.jpg', 'kepala_truk', 99, 9, 61, 236, 198, 'badan_truk', 99, 43, 1, 299, 201, NULL, 'active'),
(184, './truk-ori/truk1647500842.jpg', 203, 176, './truk-od/trukOD1647500842.jpg', 'kepala_truk', 92, 2, 24, 124, 140, 'badan_truk', 92, 16, 9, 143, 129, NULL, 'active'),
(185, './truk-ori/truk1647500843.jpg', 300, 288, './truk-od/trukOD1647500843.jpg', 'kepala_truk', 99, 6, 25, 200, 227, 'badan_truk', 96, 39, 12, 244, 193, NULL, 'active'),
(186, './truk-ori/truk1647500844.jpg', 207, 142, './truk-od/trukOD1647500844.jpg', 'kepala_truk', 98, 11, 68, 87, 114, 'badan_truk', 97, 13, 2, 129, 147, NULL, 'active'),
(187, './truk-ori/truk1647500845.jpg', 340, 298, './truk-od/trukOD1647500846.jpg', 'kepala_truk', 93, 2, 118, 188, 196, 'badan_truk', 99, 40, -2, 254, 259, NULL, 'active'),
(188, './truk-ori/truk1647500856.jpg', 201, 201, './truk-od/trukOD1647500856.jpg', 'kepala_truk', 99, 0, 30, 148, 131, 'badan_truk', 99, 23, 3, 175, 122, NULL, 'active'),
(189, './truk-ori/truk1647500857.jpg', 285, 325, './truk-od/trukOD1647500857.jpg', 'kepala_truk', 99, 4, 34, 231, 206, 'badan_truk', 99, 51, 0, 262, 180, NULL, 'active'),
(190, './truk-ori/truk1647500870.jpg', 203, 178, './truk-od/trukOD1647500870.jpg', 'kepala_truk', 99, 1, 58, 130, 111, 'badan_truk', 99, 21, 8, 158, 133, NULL, 'active'),
(191, './truk-ori/truk1647500881.jpg', 201, 171, './truk-od/trukOD1647500882.jpg', 'kepala_truk', 93, 2, 63, 119, 103, 'badan_truk', 78, 13, 5, 164, 136, NULL, 'active'),
(192, './truk-ori/truk1647500883.jpg', 306, 313, './truk-od/trukOD1647500883.jpg', 'kepala_truk', 69, 13, 90, 201, 174, 'badan_truk', 92, 40, 5, 273, 211, NULL, 'active'),
(193, './truk-ori/truk1647500899.jpg', 203, 220, './truk-od/trukOD1647500899.jpg', 'kepala_truk', 99, 3, 35, 153, 136, 'badan_truk', 76, 24, 9, 198, 129, NULL, 'active'),
(194, './truk-ori/truk1647500908.jpg', 201, 146, './truk-od/trukOD1647500908.jpg', 'kepala_truk', 99, 2, 86, 109, 87, 'badan_truk', 99, 16, 7, 127, 146, NULL, 'active'),
(195, './truk-ori/truk1647500909.jpg', 290, 252, './truk-od/trukOD1647500909.jpg', 'kepala_truk', 95, 0, 113, 171, 144, 'badan_truk', 98, 21, -2, 234, 218, NULL, 'active'),
(196, './truk-ori/truk1647500919.jpg', 202, 204, './truk-od/trukOD1647500919.jpg', 'kepala_truk', 99, 10, 6, 132, 154, 'badan_truk', 99, 29, 1, 167, 132, NULL, 'active'),
(197, './truk-ori/truk1647500923.jpg', 201, 199, './truk-od/trukOD1647500923.jpg', 'kepala_truk', 87, 8, 44, 130, 130, 'badan_truk', 94, 22, 10, 177, 126, NULL, 'active'),
(198, './truk-ori/truk1647500929.jpg', 202, 181, './truk-od/trukOD1647500929.jpg', 'kepala_truk', 99, 3, 51, 131, 119, 'badan_truk', 98, 23, 8, 157, 131, NULL, 'active'),
(199, './truk-ori/truk1647500939.jpg', 204, 175, './truk-od/trukOD1647500939.jpg', 'kepala_truk', 91, 1, 58, 126, 110, 'badan_truk', 99, 17, 0, 160, 132, NULL, 'active'),
(200, './truk-ori/truk1647500946.jpg', 201, 215, './truk-od/trukOD1647500946.jpg', 'kepala_truk', 93, 0, 46, 143, 125, 'badan_truk', 85, 18, 8, 189, 130, NULL, 'active'),
(201, './truk-ori/truk1647500954.jpg', 201, 221, './truk-od/trukOD1647500954.jpg', 'kepala_truk', 98, 8, 35, 144, 135, 'badan_truk', 99, 24, 2, 196, 130, NULL, 'active'),
(202, './truk-ori/truk1647500957.jpg', 202, 212, './truk-od/trukOD1647500957.jpg', 'kepala_truk', 91, 5, 49, 146, 121, 'badan_truk', 95, 32, 6, 178, 133, NULL, 'active'),
(203, './truk-ori/truk1647500958.jpg', 209, 198, './truk-od/trukOD1647500959.jpg', 'kepala_truk', 99, 6, 61, 134, 123, 'badan_truk', 81, 25, 2, 174, 148, NULL, 'active'),
(204, './truk-ori/truk1647500970.jpg', 201, 147, './truk-od/trukOD1647500970.jpg', 'kepala_truk', 99, 2, 76, 104, 106, 'badan_truk', 99, 15, -2, 132, 152, NULL, 'active'),
(205, './truk-ori/truk1647500971.jpg', 319, 232, './truk-od/trukOD1647500971.jpg', 'kepala_truk', 99, 2, 124, 167, 159, 'badan_truk', 99, 32, 1, 196, 234, NULL, 'active'),
(206, './truk-ori/truk1647500982.jpg', 205, 217, './truk-od/trukOD1647500982.jpg', 'kepala_truk', 99, 8, 40, 141, 129, 'badan_truk', 99, 26, 4, 188, 130, NULL, 'active'),
(207, './truk-ori/truk1647500988.jpg', 201, 147, './truk-od/trukOD1647500988.jpg', 'kepala_truk', 99, -1, 75, 113, 106, 'badan_truk', 99, 17, 5, 128, 140, NULL, 'active'),
(208, './truk-ori/truk1647500989.jpg', 315, 299, './truk-od/trukOD1647500990.jpg', 'kepala_truk', 99, 5, 92, 208, 190, 'badan_truk', 93, 43, 5, 254, 217, NULL, 'active'),
(209, './truk-ori/truk1647501002.jpg', 203, 182, './truk-od/trukOD1647501002.jpg', 'kepala_truk', 99, 4, 57, 128, 120, 'badan_truk', 95, 18, 6, 165, 135, NULL, 'active'),
(210, './truk-ori/truk1647501003.jpg', 267, 268, './truk-od/trukOD1647501003.jpg', 'kepala_truk', 99, 15, 72, 171, 161, 'badan_truk', 94, 38, 9, 226, 176, NULL, 'active'),
(211, './truk-ori/truk1647501016.jpg', 201, 176, './truk-od/trukOD1647501016.jpg', 'kepala_truk', 98, 5, 64, 117, 110, 'badan_truk', 97, 13, 2, 167, 143, NULL, 'active'),
(212, './truk-ori/truk1647501017.jpg', 299, 296, './truk-od/trukOD1647501017.jpg', 'kepala_truk', 82, 16, 92, 184, 175, 'badan_truk', 98, 27, 4, 273, 212, NULL, 'active'),
(213, './truk-ori/truk1647501020.jpg', 203, 199, './truk-od/trukOD1647501020.jpg', 'kepala_truk', 99, 8, 24, 132, 160, 'badan_truk', 99, 30, 13, 162, 137, NULL, 'active'),
(214, './truk-ori/truk1647501029.jpg', 201, 220, './truk-od/trukOD1647501030.jpg', 'kepala_truk', 81, 0, 47, 149, 124, 'badan_truk', 71, 20, 9, 204, 127, NULL, 'active'),
(215, './truk-ori/truk1647501031.jpg', 202, 217, './truk-od/trukOD1647501031.jpg', 'kepala_truk', 99, 4, 40, 152, 139, 'badan_truk', 82, 35, 4, 175, 137, NULL, 'active'),
(216, './truk-ori/truk1647501036.jpg', 201, 147, './truk-od/trukOD1647501036.jpg', 'kepala_truk', 99, 1, 62, 110, 105, 'badan_truk', 92, 10, 3, 141, 141, NULL, 'active'),
(217, './truk-ori/truk1647501037.jpg', 334, 277, './truk-od/trukOD1647501037.jpg', 'kepala_truk', 99, 0, 86, 207, 198, 'badan_truk', 91, 31, 4, 248, 235, NULL, 'active'),
(218, './truk-ori/truk1647501044.jpg', 201, 203, './truk-od/trukOD1647501044.jpg', 'kepala_truk', 99, 75, 59, 126, 122, 'badan_truk', 92, 4, -3, 177, 156, NULL, 'active'),
(219, './truk-ori/truk1647501055.jpg', 201, 142, './truk-od/trukOD1647501055.jpg', 'kepala_truk', 94, -7, 65, 106, 129, 'badan_truk', 90, 10, 3, 135, 146, NULL, 'active'),
(220, './truk-ori/truk1647501056.jpg', 293, 258, './truk-od/trukOD1647501057.jpg', 'kepala_truk', 99, 8, 93, 178, 164, 'badan_truk', 99, 38, -2, 213, 220, NULL, 'active'),
(221, './truk-ori/truk1647501070.jpg', 201, 169, './truk-od/trukOD1647501070.jpg', 'kepala_truk', 99, 6, 69, 117, 103, 'badan_truk', 99, 21, 6, 145, 139, NULL, 'active'),
(222, './truk-ori/truk1647501071.jpg', 329, 332, './truk-od/trukOD1647501071.jpg', 'kepala_truk', 99, -2, 98, 217, 191, 'badan_truk', 99, 45, 4, 283, 231, NULL, 'active'),
(223, './truk-ori/truk1647501078.jpg', 206, 185, './truk-od/trukOD1647501078.jpg', 'kepala_truk', 97, 3, 43, 140, 139, 'badan_truk', 99, 23, 2, 164, 126, NULL, 'active'),
(224, './truk-ori/truk1647501085.jpg', 206, 213, './truk-od/trukOD1647501085.jpg', 'kepala_truk', 99, 0, 40, 143, 126, 'badan_truk', 99, 21, -1, 192, 132, NULL, 'active'),
(225, './truk-ori/truk1647501087.jpg', 233, 239, './truk-od/trukOD1647501087.jpg', 'kepala_truk', 99, 1, 57, 158, 143, 'badan_truk', 99, 29, 2, 209, 146, NULL, 'active'),
(226, './truk-ori/truk1647501092.jpg', 202, 180, './truk-od/trukOD1647501092.jpg', 'kepala_truk', 82, 63, 85, 112, 89, 'badan_truk', 98, 7, -2, 149, 162, NULL, 'active'),
(227, './truk-ori/truk1647501096.jpg', 202, 148, './truk-od/trukOD1647501096.jpg', 'kepala_truk', 65, 51, 86, 94, 85, 'badan_truk', 99, 6, 13, 123, 136, NULL, 'active'),
(228, './truk-ori/truk1647501097.jpg', 347, 375, './truk-od/trukOD1647501098.jpg', 'kepala_truk', 99, 152, 100, 220, 215, 'badan_truk', 99, 6, -6, 294, 273, NULL, 'active'),
(229, './truk-ori/truk1647501103.jpg', 202, 209, './truk-od/trukOD1647501103.jpg', 'kepala_truk', 99, 10, 51, 138, 117, 'badan_truk', 99, 25, -1, 181, 129, NULL, 'active'),
(230, './truk-ori/truk1647501104.jpg', 291, 295, './truk-od/trukOD1647501105.jpg', 'kepala_truk', 99, 15, 75, 197, 172, 'badan_truk', 99, 40, 2, 254, 187, NULL, 'active'),
(231, './truk-ori/truk1647501113.jpg', 244, 226, './truk-od/trukOD1647501113.jpg', 'kepala_truk', 99, 1, 69, 136, 143, 'badan_truk', 99, 19, 0, 210, 160, NULL, 'active'),
(232, './truk-ori/truk1647501114.jpg', 202, 199, './truk-od/trukOD1647501114.jpg', 'kepala_truk', 66, 7, 41, 129, 128, 'badan_truk', 92, 16, 0, 187, 129, NULL, 'active'),
(233, './truk-ori/truk1647501139.jpg', 203, 161, './truk-od/trukOD1647501139.jpg', 'kepala_truk', 95, 5, 56, 136, 112, 'badan_truk', 84, 8, 2, 162, 108, NULL, 'active'),
(234, './truk-ori/truk1647501140.jpg', 351, 379, './truk-od/trukOD1647501140.jpg', 'kepala_truk', 62, 5, 83, 267, 217, 'badan_truk', 99, 47, -1, 327, 229, NULL, 'active'),
(235, './truk-ori/truk1647501141.jpg', 303, 250, './truk-od/trukOD1647501142.jpg', 'kepala_truk', 94, 9, 82, 166, 180, 'badan_truk', 98, 20, 0, 235, 201, NULL, 'active'),
(236, './truk-ori/truk1647501156.jpg', 203, 197, './truk-od/trukOD1647501156.jpg', 'kepala_truk', 99, 2, 45, 142, 131, 'badan_truk', 79, 21, 6, 161, 135, NULL, 'active'),
(237, './truk-ori/truk1647501157.jpg', 239, 211, './truk-od/trukOD1647501157.jpg', 'kepala_truk', 61, 0, 63, 153, 134, 'badan_truk', 97, 21, 0, 189, 150, NULL, 'active'),
(238, './truk-ori/truk1647501187.jpg', 264, 194, './truk-od/trukOD1647501187.jpg', 'kepala_truk', 78, 4, 93, 61, 165, 'badan_truk', 98, 0, -1, 143, 176, NULL, 'active'),
(239, './truk-ori/truk1647501190.jpg', 212, 193, './truk-od/trukOD1647501190.jpg', 'kepala_truk', 93, 0, 72, 41, 127, 'badan_truk', 77, 8, 7, 141, 139, NULL, 'active'),
(240, './truk-ori/truk1647501209.jpg', 208, 235, './truk-od/trukOD1647501209.jpg', 'kepala_truk', 99, 78, 29, 150, 148, 'badan_truk', 99, 11, -3, 196, 141, NULL, 'active'),
(241, './truk-ori/truk1647501220.jpg', 202, 211, './truk-od/trukOD1647501220.jpg', 'kepala_truk', 99, 67, 31, 140, 138, 'badan_truk', 99, 6, -1, 183, 134, NULL, 'active'),
(242, './truk-ori/truk1647501228.jpg', 202, 193, './truk-od/trukOD1647501228.jpg', 'kepala_truk', 99, 65, 56, 126, 112, 'badan_truk', 95, 2, 3, 175, 141, NULL, 'active'),
(243, './truk-ori/truk1647501234.jpg', 203, 153, './truk-od/trukOD1647501235.jpg', 'kepala_truk', 98, 7, 52, 125, 120, 'badan_truk', 99, 16, 0, 135, 135, NULL, 'active'),
(244, './truk-ori/truk1647501242.jpg', 201, 161, './truk-od/trukOD1647501243.jpg', 'kepala_truk', 99, 0, 54, 123, 111, 'badan_truk', 73, 9, 8, 148, 129, NULL, 'active'),
(245, './truk-ori/truk1647501252.jpg', 201, 249, './truk-od/trukOD1647501252.jpg', 'kepala_truk', 99, 75, 25, 168, 139, 'badan_truk', 71, 11, 1, 205, 127, NULL, 'active'),
(246, './truk-ori/truk1647501262.jpg', 203, 223, './truk-od/trukOD1647501262.jpg', 'kepala_truk', 99, 5, 16, 163, 152, 'badan_truk', 98, 34, -1, 180, 118, NULL, 'active'),
(247, './truk-ori/truk1647501286.jpg', 202, 259, './truk-od/trukOD1647501286.jpg', 'kepala_truk', 99, 100, 21, 157, 142, 'badan_truk', 99, 10, 2, 220, 125, NULL, 'active'),
(248, './truk-ori/truk1647501294.jpg', 206, 258, './truk-od/trukOD1647501295.jpg', 'kepala_truk', 99, 91, 21, 160, 147, 'badan_truk', 99, 9, 0, 217, 129, NULL, 'active'),
(249, './truk-ori/truk1647501297.jpg', 202, 200, './truk-od/trukOD1647501298.jpg', 'kepala_truk', 99, 41, 14, 148, 156, 'badan_truk', 94, 7, 3, 169, 124, NULL, 'active'),
(250, './truk-ori/truk1647501307.jpg', 202, 199, './truk-od/trukOD1647501307.jpg', 'kepala_truk', 99, 65, 44, 127, 133, 'badan_truk', 98, 2, 2, 177, 143, NULL, 'active'),
(251, './truk-ori/truk1647501313.jpg', 201, 193, './truk-od/trukOD1647501313.jpg', 'kepala_truk', 99, 56, 53, 136, 113, 'badan_truk', 97, 2, 3, 174, 140, NULL, 'active'),
(252, './truk-ori/truk1647501323.jpg', 204, 247, './truk-od/trukOD1647501323.jpg', 'kepala_truk', 99, 90, 29, 156, 135, 'badan_truk', 99, 8, 1, 212, 126, NULL, 'active'),
(253, './truk-ori/truk1647501338.jpg', 202, 210, './truk-od/trukOD1647501339.jpg', 'kepala_truk', 65, 80, 51, 130, 118, 'badan_truk', 80, 5, 7, 188, 132, NULL, 'active'),
(254, './truk-ori/truk1647501347.jpg', 205, 233, './truk-od/trukOD1647501348.jpg', 'kepala_truk', 99, 72, 30, 156, 142, 'badan_truk', 93, 4, 8, 186, 132, NULL, 'active'),
(255, './truk-ori/truk1647501366.jpg', 201, 224, './truk-od/trukOD1647501366.jpg', 'kepala_truk', 99, 4, 14, 157, 155, 'badan_truk', 99, 29, 3, 193, 115, NULL, 'active'),
(256, './truk-ori/truk1647501368.jpg', 203, 168, './truk-od/trukOD1647501368.jpg', 'kepala_truk', 99, -2, 41, 145, 151, 'badan_truk', 78, 8, 1, 167, 146, NULL, 'active'),
(257, './truk-ori/truk1647501369.jpg', 348, 335, './truk-od/trukOD1647501369.jpg', 'kepala_truk', 99, -3, 71, 259, 244, 'badan_truk', 99, 48, 2, 286, 228, NULL, 'active'),
(258, './truk-ori/truk1647501375.jpg', 206, 257, './truk-od/trukOD1647501375.jpg', 'kepala_truk', 99, 88, 33, 164, 145, 'badan_truk', 88, 14, 5, 208, 141, NULL, 'active'),
(259, './truk-ori/truk1647501381.jpg', 203, 241, './truk-od/trukOD1647501381.jpg', 'kepala_truk', 99, 72, 37, 163, 133, 'badan_truk', 99, 4, 5, 185, 138, NULL, 'active'),
(260, './truk-ori/truk1647501391.jpg', 204, 249, './truk-od/trukOD1647501391.jpg', 'kepala_truk', 99, 87, 20, 156, 147, 'badan_truk', 99, 11, -2, 208, 132, NULL, 'active'),
(261, './truk-ori/truk1647501403.jpg', 205, 188, './truk-od/trukOD1647501403.jpg', 'kepala_truk', 99, -2, 46, 150, 135, 'badan_truk', 81, 18, 4, 173, 142, NULL, 'active'),
(262, './truk-ori/truk1647501409.jpg', 206, 259, './truk-od/trukOD1647501409.jpg', 'kepala_truk', 99, 92, 29, 161, 148, 'badan_truk', 69, 9, 6, 220, 137, NULL, 'active'),
(263, './truk-ori/truk1647501411.jpg', 204, 249, './truk-od/trukOD1647501411.jpg', 'kepala_truk', 99, 85, 23, 156, 143, 'badan_truk', 69, 2, 9, 214, 130, NULL, 'active'),
(264, './truk-ori/truk1647501413.jpg', 243, 343, './truk-od/trukOD1647501413.jpg', 'kepala_truk', 95, 105, 5, 228, 212, 'badan_truk', 99, 5, -1, 250, 155, NULL, 'active'),
(265, './truk-ori/truk1647501420.jpg', 206, 247, './truk-od/trukOD1647501420.jpg', 'kepala_truk', 97, 88, 47, 147, 130, 'badan_truk', 98, 9, 7, 190, 135, NULL, 'active'),
(266, './truk-ori/truk1647501429.jpg', 210, 257, './truk-od/trukOD1647501429.jpg', 'kepala_truk', 99, 86, 28, 161, 142, 'badan_truk', 83, 10, 0, 216, 131, NULL, 'active'),
(267, './truk-ori/truk1647501430.jpg', 236, 322, './truk-od/trukOD1647501431.jpg', 'kepala_truk', 95, 121, 22, 184, 169, 'badan_truk', 98, 18, -2, 261, 147, NULL, 'active'),
(268, './truk-ori/truk1647501438.jpg', 206, 247, './truk-od/trukOD1647501438.jpg', 'kepala_truk', 99, 76, 32, 163, 137, 'badan_truk', 66, 2, 8, 198, 133, NULL, 'active'),
(269, './truk-ori/truk1647501447.jpg', 201, 217, './truk-od/trukOD1647501447.jpg', 'kepala_truk', 99, 78, 58, 134, 116, 'badan_truk', 99, 8, 0, 192, 147, NULL, 'active'),
(270, './truk-ori/truk1647501456.jpg', 201, 164, './truk-od/trukOD1647501456.jpg', 'kepala_truk', 99, 0, 31, 129, 125, 'badan_truk', 92, 13, 2, 153, 120, NULL, 'active'),
(271, './truk-ori/truk1647501466.jpg', 202, 170, './truk-od/trukOD1647501466.jpg', 'kepala_truk', 60, 5, 36, 143, 136, 'badan_truk', 99, 20, 1, 148, 128, NULL, 'active'),
(272, './truk-ori/truk1647501474.jpg', 205, 220, './truk-od/trukOD1647501474.jpg', 'kepala_truk', 99, 65, 39, 150, 136, 'badan_truk', 78, 6, 7, 169, 133, NULL, 'active'),
(273, './truk-ori/truk1647501484.jpg', 202, 166, './truk-od/trukOD1647501484.jpg', 'kepala_truk', 97, 0, 47, 119, 128, 'badan_truk', 79, 17, 3, 150, 146, NULL, 'active'),
(274, './truk-ori/truk1647501490.jpg', 207, 187, './truk-od/trukOD1647501490.jpg', 'kepala_truk', 89, 3, 47, 134, 131, 'badan_truk', 94, 18, -3, 170, 131, NULL, 'active'),
(275, './truk-ori/truk1647501502.jpg', 217, 178, './truk-od/trukOD1647501502.jpg', 'kepala_truk', 83, 5, 58, 76, 161, 'badan_truk', 99, 26, 2, 147, 126, NULL, 'active'),
(276, './truk-ori/truk1647501514.jpg', 201, 184, './truk-od/trukOD1647501514.jpg', 'kepala_truk', 99, -1, 23, 148, 137, 'badan_truk', 98, 19, 0, 164, 117, NULL, 'active'),
(277, './truk-ori/truk1647501529.jpg', 208, 184, './truk-od/trukOD1647501529.jpg', 'kepala_truk', 99, -3, 41, 154, 146, 'badan_truk', 99, 22, 0, 159, 137, NULL, 'active'),
(278, './truk-ori/truk1647501535.jpg', 206, 209, './truk-od/trukOD1647501535.jpg', 'kepala_truk', 64, 77, 77, 130, 107, 'badan_truk', 99, 6, 0, 186, 151, NULL, 'active'),
(279, './truk-ori/truk1647501548.jpg', 205, 179, './truk-od/trukOD1647501548.jpg', 'kepala_truk', 99, 53, 69, 126, 108, 'badan_truk', 99, 2, 0, 162, 153, NULL, 'active');

-- --------------------------------------------------------

--
-- Struktur dari tabel `images_test`
--

CREATE TABLE `images_test` (
  `id_img_test` int(11) NOT NULL,
  `id_weight` int(11) NOT NULL,
  `img_truk` varchar(256) DEFAULT NULL,
  `w_image` int(11) DEFAULT NULL,
  `h_image` int(11) DEFAULT NULL,
  `img_od` varchar(256) DEFAULT NULL,
  `label_kepala` varchar(12) DEFAULT NULL,
  `confidence_kepala` double DEFAULT NULL,
  `x_kepala` int(11) DEFAULT NULL,
  `y_kepala` int(11) DEFAULT NULL,
  `w_kepala` int(11) DEFAULT NULL,
  `h_kepala` int(11) DEFAULT NULL,
  `label_badan` varchar(12) DEFAULT NULL,
  `confidence_badan` double DEFAULT NULL,
  `x_badan` int(11) DEFAULT NULL,
  `y_badan` int(11) DEFAULT NULL,
  `w_badan` int(11) DEFAULT NULL,
  `h_badan` int(11) DEFAULT NULL,
  `od_test` varchar(16) DEFAULT NULL,
  `result_a` double DEFAULT NULL,
  `result_b` double DEFAULT NULL,
  `datetime` datetime NOT NULL DEFAULT CURRENT_TIMESTAMP
) ENGINE=InnoDB DEFAULT CHARSET=latin1;

--
-- Dumping data untuk tabel `images_test`
--

INSERT INTO `images_test` (`id_img_test`, `id_weight`, `img_truk`, `w_image`, `h_image`, `img_od`, `label_kepala`, `confidence_kepala`, `x_kepala`, `y_kepala`, `w_kepala`, `h_kepala`, `label_badan`, `confidence_badan`, `x_badan`, `y_badan`, `w_badan`, `h_badan`, `od_test`, `result_a`, `result_b`, `datetime`) VALUES
(327, 21, './test-truk-ori/truk1649212631.jpg', 201, 180, './test-truk-od/trukOD1649212632.jpg', 'kepala_truk', 99, 7, 46, 140, 127, 'badan_truk', 99, 26, 1, 153, 129, '0', 47.73948946335768, 30.79079523979956, '2022-04-06 09:37:12'),
(328, 21, './test-truk-ori/truk1649212633.jpg', 224, 205, './test-truk-od/trukOD1649212634.jpg', 'kepala_truk', 99, -3, 39, 171, 150, 'badan_truk', 99, 22, -1, 184, 143, '0', 51.340011712076176, 34.87152510769328, '2022-04-06 09:37:14'),
(329, 21, './test-truk-ori/truk1649212635.jpg', 271, 262, './test-truk-od/trukOD1649212636.jpg', 'kepala_truk', 77, 19, 29, 199, 194, 'badan_truk', 99, 38, -1, 221, 161, '0', 104.86075206898956, 94.25222966595445, '2022-04-06 09:37:16'),
(330, 21, './test-truk-ori/truk1649212637.jpg', 325, 342, './test-truk-od/trukOD1649212637.jpg', 'kepala_truk', 99, 1, 34, 277, 235, 'badan_truk', 99, 51, -2, 287, 194, '0', 211.74706295595053, 207.22510050920133, '2022-04-06 09:37:17'),
(331, 21, './test-truk-ori/truk1649212705.jpg', 202, 173, './test-truk-od/trukOD1649212706.jpg', 'kepala_truk', 98, 2, 50, 138, 119, 'badan_truk', 99, 18, -2, 153, 133, '0', 43.93946876647781, 38.74872870963618, '2022-04-06 09:38:26'),
(332, 21, './test-truk-ori/truk1649212707.jpg', 241, 236, './test-truk-od/trukOD1649212708.jpg', 'kepala_truk', 99, 0, 35, 193, 167, 'badan_truk', 99, 31, -2, 202, 154, '0', 77.31214996333358, 66.61475011436538, '2022-04-06 09:38:28'),
(333, 21, './test-truk-ori/truk1649212709.jpg', 340, 325, './test-truk-od/trukOD1649212709.jpg', 'kepala_truk', 99, -6, 42, 269, 228, 'badan_truk', 99, 41, 0, 280, 195, '0', 199.33178318976772, 195.90947756961612, '2022-04-06 09:38:29'),
(334, 21, './test-truk-ori/truk1649212775.jpg', 210, 129, './test-truk-od/trukOD1649212775.jpg', 'kepala_truk', 71, 1, 76, 115, 100, 'badan_truk', 82, 6, 1, 128, 153, '1', 63.422241771176125, 80.81346137113967, '2022-04-06 09:39:35'),
(335, 21, './test-truk-ori/truk1649212776.jpg', 222, 166, './test-truk-od/trukOD1649212777.jpg', 'kepala_truk', 99, 2, 67, 133, 119, 'badan_truk', 83, 11, 3, 161, 156, '1', 24.309477837165446, 51.704795240580964, '2022-04-06 09:39:37'),
(336, 21, './test-truk-ori/truk1649212778.jpg', 261, 193, './test-truk-od/trukOD1649212779.jpg', 'kepala_truk', 99, 2, 83, 156, 135, 'badan_truk', 98, 19, 4, 176, 184, '1', 32.74359707368722, 67.46997943883194, '2022-04-06 09:39:39'),
(337, 21, './test-truk-ori/truk1649212780.jpg', 304, 250, './test-truk-od/trukOD1649212781.jpg', 'kepala_truk', 99, 0, 92, 188, 164, 'badan_truk', 98, 25, 4, 225, 214, '1', 94.12783761833765, 117.77296647148955, '2022-04-06 09:39:41'),
(338, 21, './test-truk-ori/truk1649212785.jpg', 201, 177, './test-truk-od/trukOD1649212786.jpg', 'kepala_truk', 99, 2, 49, 142, 121, 'badan_truk', 95, 19, 9, 157, 130, '0', 43.987915397759856, 33.25578540751404, '2022-04-06 09:39:46'),
(339, 21, './test-truk-ori/truk1649212787.jpg', 233, 204, './test-truk-od/trukOD1649212788.jpg', 'kepala_truk', 99, 1, 38, 166, 142, 'badan_truk', 99, 25, -1, 175, 142, '0', 44.65737134771167, 29.02781894369474, '2022-04-06 09:39:48'),
(340, 21, './test-truk-ori/truk1649212789.jpg', 260, 264, './test-truk-od/trukOD1649212789.jpg', 'kepala_truk', 99, 0, 34, 211, 173, 'badan_truk', 99, 34, 1, 229, 158, '0', 103.00831308379183, 96.5937557414917, '2022-04-06 09:39:49'),
(341, 21, './test-truk-ori/truk1649212790.jpg', 316, 353, './test-truk-od/trukOD1649212791.jpg', 'kepala_truk', 99, 2, 35, 269, 221, 'badan_truk', 99, 51, 0, 299, 188, '0', 204.71161773324863, 202.15606178950756, '2022-04-06 09:39:51'),
(342, 21, './test-truk-ori/truk1649212806.jpg', 204, 183, './test-truk-od/trukOD1649212807.jpg', 'kepala_truk', 99, 56, 70, 127, 106, 'badan_truk', 99, 0, 2, 172, 147, '1', 26.36576121863426, 56.62895333379422, '2022-04-06 09:40:07'),
(343, 21, './test-truk-ori/truk1649212808.jpg', 253, 243, './test-truk-od/trukOD1649212809.jpg', 'kepala_truk', 99, 81, 82, 163, 133, 'badan_truk', 98, 2, 4, 222, 176, '1', 50.19433628600799, 80.59816874101188, '2022-04-06 09:40:09'),
(344, 21, './test-truk-ori/truk1649212810.jpg', 302, 230, './test-truk-od/trukOD1649212811.jpg', 'kepala_truk', 60, 51, 118, 177, 150, 'badan_truk', 94, -1, 8, 214, 206, '1', 72.51008607971114, 101.79743632491382, '2022-04-06 09:40:11'),
(345, 21, './test-truk-ori/truk1649212854.jpg', 206, 203, './test-truk-od/trukOD1649212855.jpg', 'kepala_truk', 72, 72, 76, 124, 109, 'badan_truk', 99, 4, 2, 180, 151, '1', 21.227555669409004, 58.9657282572686, '2022-04-06 09:40:55'),
(346, 21, './test-truk-ori/truk1649212884.jpg', 201, 199, './test-truk-od/trukOD1649212886.jpg', 'kepala_truk', 99, 3, 27, 150, 147, 'badan_truk', 97, 25, -1, 171, 127, '0', 50.558444291864824, 9.090970791944223, '2022-04-06 09:41:26'),
(347, 21, './test-truk-ori/truk1649212887.jpg', 244, 268, './test-truk-od/trukOD1649212888.jpg', 'kepala_truk', 99, 6, 31, 192, 182, 'badan_truk', 99, 33, 1, 233, 154, '0', 98.25124640444955, 90.30741991053671, '2022-04-06 09:41:28'),
(348, 21, './test-truk-ori/truk1649212946.jpg', 206, 140, './test-truk-od/trukOD1649212946.jpg', 'kepala_truk', 96, 0, 82, 109, 98, 'badan_truk', 81, 15, 2, 124, 153, '1', 69.68160343340527, 86.86508788759569, '2022-04-06 09:42:26'),
(349, 21, './test-truk-ori/truk1649212947.jpg', 235, 183, './test-truk-od/trukOD1649212948.jpg', 'kepala_truk', 99, 0, 78, 138, 120, 'badan_truk', 90, 20, 4, 162, 165, '1', 21.51166350877863, 56.565228111556166, '2022-04-06 09:42:28'),
(350, 21, './test-truk-ori/truk1649212949.jpg', 296, 236, './test-truk-od/trukOD1649212950.jpg', 'kepala_truk', 99, 0, 99, 181, 151, 'badan_truk', 98, 37, 7, 192, 205, '1', 68.6842679607246, 94.42320154739778, '2022-04-06 09:42:30'),
(351, 21, './test-truk-ori/truk1649213011.jpg', 202, 201, './test-truk-od/trukOD1649213012.jpg', 'kepala_truk', 99, 78, 56, 122, 115, 'badan_truk', 68, 3, 4, 188, 137, '1', 31.82905979687208, 51.7653911159412, '2022-04-06 09:43:32'),
(352, 21, './test-truk-ori/truk1649213015.jpg', 330, 274, './test-truk-od/trukOD1649213015.jpg', 'kepala_truk', 84, 74, 89, 200, 193, 'badan_truk', 91, 6, 3, 240, 214, '1', 123.2098444282028, 136.22450187992865, '2022-04-06 09:43:35'),
(353, 21, './test-truk-ori/truk1649213063.jpg', 201, 166, './test-truk-od/trukOD1649213063.jpg', 'kepala_truk', 99, 1, 50, 121, 134, 'badan_truk', 97, 20, 5, 141, 141, '0', 53.275612813508, 49.27276419553772, '2022-04-06 09:44:23'),
(354, 21, './test-truk-ori/truk1649213064.jpg', 233, 199, './test-truk-od/trukOD1649213065.jpg', 'kepala_truk', 99, 0, 49, 150, 162, 'badan_truk', 99, 28, 6, 166, 161, '0', 48.73146834856834, 44.980059611930514, '2022-04-06 09:44:25'),
(355, 21, './test-truk-ori/truk1649213066.jpg', 295, 265, './test-truk-od/trukOD1649213067.jpg', 'kepala_truk', 99, 2, 61, 191, 208, 'badan_truk', 99, 40, 7, 215, 207, '1', 117.17469467587931, 122.96564365022282, '2022-04-06 09:44:27'),
(356, 21, './test-truk-ori/truk1649213068.jpg', 369, 375, './test-truk-od/trukOD1649213069.jpg', 'kepala_truk', 99, 17, 67, 257, 279, 'badan_truk', 98, 74, 6, 291, 264, '1', 248.28343996409248, 253.6860994614446, '2022-04-06 09:44:29'),
(357, 21, './test-truk-ori/truk1649213086.jpg', 210, 204, './test-truk-od/trukOD1649213087.jpg', 'kepala_truk', 99, 4, 28, 148, 137, 'badan_truk', 98, 23, 5, 180, 124, '0', 46.17631299358686, 17.0241626299646, '2022-04-06 09:44:47'),
(358, 21, './test-truk-ori/truk1649213088.jpg', 243, 269, './test-truk-od/trukOD1649213089.jpg', 'kepala_truk', 99, 5, 28, 189, 166, 'badan_truk', 98, 38, 1, 224, 142, '0', 84.54481444504589, 72.87290124354074, '2022-04-06 09:44:49'),
(359, 21, './test-truk-ori/truk1649213090.jpg', 299, 343, './test-truk-od/trukOD1649213090.jpg', 'kepala_truk', 99, 4, 27, 250, 222, 'badan_truk', 99, 48, 2, 289, 177, '0', 186.6501354982836, 181.65698080760157, '2022-04-06 09:44:50'),
(360, 21, './test-truk-ori/truk1649213124.jpg', 204, 231, './test-truk-od/trukOD1649213125.jpg', 'kepala_truk', 99, 8, 23, 174, 144, 'badan_truk', 99, 36, 3, 187, 129, '0', 57.6757546843297, 30.985642373510395, '2022-04-06 09:45:25'),
(361, 21, './test-truk-ori/truk1649213126.jpg', 243, 272, './test-truk-od/trukOD1649213126.jpg', 'kepala_truk', 99, -2, 25, 216, 175, 'badan_truk', 99, 37, 2, 231, 155, '0', 108.79555113531141, 100.34272466145147, '2022-04-06 09:45:27'),
(362, 21, './test-truk-ori/truk1649213128.jpg', 315, 370, './test-truk-od/trukOD1649213128.jpg', 'kepala_truk', 99, 2, 31, 292, 229, 'badan_truk', 99, 59, 2, 307, 196, '0', 229.29989794489512, 226.61048307104872, '2022-04-06 09:45:28'),
(363, 21, './test-truk-ori/truk1649213146.jpg', 202, 138, './test-truk-od/trukOD1649213147.jpg', 'kepala_truk', 99, 6, 87, 100, 93, 'badan_truk', 92, 10, -8, 131, 170, '1', 69.09479737246183, 99.02064690879284, '2022-04-06 09:45:47'),
(364, 21, './test-truk-ori/truk1649213148.jpg', 252, 181, './test-truk-od/trukOD1649213149.jpg', 'kepala_truk', 99, 10, 111, 124, 113, 'badan_truk', 97, 19, -4, 161, 203, '1', 46.5018440796732, 96.03202977774127, '2022-04-06 09:45:49'),
(365, 21, './test-truk-ori/truk1649213150.jpg', 340, 214, './test-truk-od/trukOD1649213151.jpg', 'kepala_truk', 82, -2, 144, 161, 150, 'badan_truk', 86, 16, -1, 203, 262, '1', 106.92846582914343, 147.94498827954578, '2022-04-06 09:45:51'),
(366, 21, './test-truk-ori/truk1649213152.jpg', 379, 337, './test-truk-od/trukOD1649213153.jpg', 'kepala_truk', 99, 12, 141, 223, 207, 'badan_truk', 99, 38, -8, 295, 298, '1', 213.29680354834835, 238.1845731414592, '2022-04-06 09:45:53'),
(367, 21, './test-truk-ori/truk1649213207.jpg', 203, 224, './test-truk-od/trukOD1649213208.jpg', 'kepala_truk', 99, 8, 27, 150, 134, 'badan_truk', 99, 34, 1, 188, 115, '0', 53.88149647153426, 23.980007262754178, '2022-04-06 09:46:48'),
(368, 21, './test-truk-ori/truk1649213209.jpg', 271, 326, './test-truk-od/trukOD1649213210.jpg', 'kepala_truk', 99, 2, 41, 212, 186, 'badan_truk', 99, 46, 3, 277, 164, '0', 137.75971672780872, 137.274733575321, '2022-04-06 09:46:50'),
(369, 21, './test-truk-ori/truk1649213232.jpg', 202, 171, './test-truk-od/trukOD1649213232.jpg', 'kepala_truk', 92, 0, 54, 133, 111, 'badan_truk', 96, 14, 1, 159, 129, '0', 44.051661991759616, 43.98739558708658, '2022-04-06 09:47:12'),
(370, 21, './test-truk-ori/truk1649213233.jpg', 273, 251, './test-truk-od/trukOD1649213234.jpg', 'kepala_truk', 99, 0, 76, 190, 153, 'badan_truk', 80, 23, 9, 216, 180, '1', 72.99019045849832, 86.69514668865335, '2022-04-06 09:47:14'),
(371, 21, './test-truk-ori/truk1649213247.jpg', 202, 190, './test-truk-od/trukOD1649213247.jpg', 'kepala_truk', 87, 5, 76, 130, 105, 'badan_truk', 99, 22, 1, 166, 148, '1', 28.489222349283917, 56.67341576756182, '2022-04-06 09:47:27'),
(372, 21, './test-truk-ori/truk1649213249.jpg', 258, 236, './test-truk-od/trukOD1649213249.jpg', 'kepala_truk', 65, 8, 90, 155, 131, 'badan_truk', 98, 24, 3, 212, 181, '1', 39.677781774410455, 77.9883581956701, '2022-04-06 09:47:29'),
(373, 21, './test-truk-ori/truk1649213250.jpg', 308, 284, './test-truk-od/trukOD1649213251.jpg', 'kepala_truk', 99, 1, 104, 190, 150, 'badan_truk', 82, 21, 9, 272, 205, '1', 115.35485885224618, 140.0230102327736, '2022-04-06 09:47:31'),
(374, 21, './test-truk-ori/truk1649213259.jpg', 202, 182, './test-truk-od/trukOD1649213260.jpg', 'kepala_truk', 99, 4, 44, 126, 132, 'badan_truk', 99, 15, 0, 169, 132, '0', 39.566513754678695, 33.14487174002403, '2022-04-06 09:47:40'),
(375, 21, './test-truk-ori/truk1649213261.jpg', 226, 212, './test-truk-od/trukOD1649213262.jpg', 'kepala_truk', 99, 6, 49, 146, 149, 'badan_truk', 99, 21, 0, 192, 149, '1', 36.44137813664707, 38.74726034245419, '2022-04-06 09:47:42'),
(376, 21, './test-truk-ori/truk1649213263.jpg', 273, 258, './test-truk-od/trukOD1649213263.jpg', 'kepala_truk', 95, 7, 58, 174, 183, 'badan_truk', 99, 26, 2, 231, 179, '1', 89.48417078304921, 96.16208903614013, '2022-04-06 09:47:43'),
(377, 21, './test-truk-ori/truk1649213264.jpg', 366, 358, './test-truk-od/trukOD1649213265.jpg', 'kepala_truk', 80, 12, 78, 236, 249, 'badan_truk', 86, 34, 13, 329, 240, '1', 231.81164090234415, 240.2460120835556, '2022-04-06 09:47:45'),
(378, 21, './test-truk-ori/truk1649213292.jpg', 201, 157, './test-truk-od/trukOD1649213292.jpg', 'kepala_truk', 99, -1, 67, 118, 99, 'badan_truk', 92, 6, 6, 152, 133, '1', 52.180461402737116, 63.567767568564214, '2022-04-06 09:48:12'),
(379, 21, './test-truk-ori/truk1649213293.jpg', 228, 227, './test-truk-od/trukOD1649213294.jpg', 'kepala_truk', 97, 9, 70, 147, 121, 'badan_truk', 74, 15, 3, 210, 160, '1', 29.017338546929125, 64.61139084161294, '2022-04-06 09:48:14'),
(380, 21, './test-truk-ori/truk1649213295.jpg', 290, 282, './test-truk-od/trukOD1649213296.jpg', 'kepala_truk', 99, 0, 88, 185, 152, 'badan_truk', 99, 35, 0, 240, 197, '1', 87.753898761289, 111.20330538774647, '2022-04-06 09:48:16'),
(381, 21, './test-truk-ori/truk1649213385.jpg', 201, 173, './test-truk-od/trukOD1649213385.jpg', 'kepala_truk', 99, 0, 40, 132, 139, 'badan_truk', 95, 18, 3, 155, 139, '0', 43.60607482300234, 32.96750934173498, '2022-04-06 09:49:45'),
(382, 21, './test-truk-ori/truk1649213386.jpg', 213, 193, './test-truk-od/trukOD1649213387.jpg', 'kepala_truk', 99, -1, 39, 133, 153, 'badan_truk', 98, 9, 5, 177, 145, '0', 40.250537599729995, 33.79752228071702, '2022-04-06 09:49:47'),
(383, 21, './test-truk-ori/truk1649213388.jpg', 238, 248, './test-truk-od/trukOD1649213389.jpg', 'kepala_truk', 99, 13, 27, 159, 177, 'badan_truk', 99, 37, -2, 203, 155, '0', 66.1969686934225, 58.230854806463235, '2022-04-06 09:49:49'),
(384, 21, './test-truk-ori/truk1649213390.jpg', 256, 279, './test-truk-od/trukOD1649213391.jpg', 'kepala_truk', 99, 20, 31, 182, 189, 'badan_truk', 99, 43, -2, 232, 167, '0', 96.82069074372738, 94.54305231837992, '2022-04-06 09:49:51'),
(385, 21, './test-truk-ori/truk1649213392.jpg', 288, 306, './test-truk-od/trukOD1649213392.jpg', 'kepala_truk', 91, 4, 58, 202, 197, 'badan_truk', 65, 45, 6, 255, 198, '1', 129.03039733668172, 136.67758794299417, '2022-04-06 09:49:52'),
(386, 21, './test-truk-ori/truk1649213394.jpg', 348, 368, './test-truk-od/trukOD1649213394.jpg', 'kepala_truk', 98, 3, 70, 241, 240, 'badan_truk', 92, 49, 9, 316, 235, '1', 219.42272831876772, 227.3099614824114, '2022-04-06 09:49:54'),
(387, 21, './test-truk-ori/truk1649213398.jpg', 205, 139, './test-truk-od/trukOD1649213399.jpg', 'kepala_truk', 99, 3, 39, 88, 121, 'badan_truk', 74, 10, 5, 131, 122, '0', 83.28065072206122, 78.91778606431876, '2022-04-06 09:49:59'),
(388, 21, './test-truk-ori/truk1649213400.jpg', 221, 182, './test-truk-od/trukOD1649213401.jpg', 'kepala_truk', 99, 9, 36, 119, 138, 'badan_truk', 99, 21, 2, 160, 136, '0', 45.32170560695657, 39.41277638061145, '2022-04-06 09:50:01'),
(389, 21, './test-truk-ori/truk1649213402.jpg', 244, 224, './test-truk-od/trukOD1649213403.jpg', 'kepala_truk', 99, 7, 33, 154, 157, 'badan_truk', 99, 31, 0, 187, 149, '0', 45.06746639239484, 36.73573972514318, '2022-04-06 09:50:03'),
(390, 21, './test-truk-ori/truk1649213404.jpg', 282, 351, './test-truk-od/trukOD1649213405.jpg', 'kepala_truk', 99, 3, 42, 228, 190, 'badan_truk', 99, 64, 1, 276, 183, '1', 149.5016820233917, 152.43049251293976, '2022-04-06 09:50:05'),
(391, 21, './test-truk-ori/truk1649213412.jpg', 201, 217, './test-truk-od/trukOD1649213413.jpg', 'kepala_truk', 97, 5, 28, 148, 138, 'badan_truk', 99, 24, 1, 192, 121, '0', 49.8481795715346, 25.539262951471862, '2022-04-06 09:50:13'),
(392, 21, './test-truk-ori/truk1649213414.jpg', 225, 256, './test-truk-od/trukOD1649213415.jpg', 'kepala_truk', 69, 5, 27, 175, 165, 'badan_truk', 99, 22, 3, 239, 135, '0', 87.12936383780912, 77.56488130257328, '2022-04-06 09:50:15'),
(393, 21, './test-truk-ori/truk1649213416.jpg', 260, 320, './test-truk-od/trukOD1649213417.jpg', 'kepala_truk', 94, 12, 29, 210, 190, 'badan_truk', 99, 37, 2, 284, 157, '0', 143.70911328403736, 141.05558193566927, '2022-04-06 09:50:17'),
(394, 21, './test-truk-ori/truk1649213457.jpg', 201, 218, './test-truk-od/trukOD1649213457.jpg', 'kepala_truk', 99, 3, 21, 163, 150, 'badan_truk', 99, 27, 1, 190, 125, '0', 57.41448605631021, 24.926092755322138, '2022-04-06 09:50:57'),
(395, 21, './test-truk-ori/truk1649213459.jpg', 242, 266, './test-truk-od/trukOD1649213459.jpg', 'kepala_truk', 99, -3, 19, 209, 194, 'badan_truk', 99, 31, -1, 231, 152, '0', 115.51009289975825, 101.91406437465822, '2022-04-06 09:50:59'),
(396, 21, './test-truk-ori/truk1649213481.jpg', 202, 160, './test-truk-od/trukOD1649213482.jpg', 'kepala_truk', 97, 5, 77, 117, 103, 'badan_truk', 99, 17, 0, 143, 153, '1', 48.983473485096965, 71.44710722965209, '2022-04-06 09:51:22'),
(397, 21, './test-truk-ori/truk1649213483.jpg', 241, 188, './test-truk-od/trukOD1649213484.jpg', 'kepala_truk', 99, 0, 69, 141, 140, 'badan_truk', 96, 15, 2, 177, 171, '1', 23.578154521878467, 54.900234276821664, '2022-04-06 09:51:24'),
(398, 21, './test-truk-ori/truk1649213485.jpg', 348, 291, './test-truk-od/trukOD1649213486.jpg', 'kepala_truk', 99, 3, 101, 208, 198, 'badan_truk', 73, 22, 3, 261, 246, '1', 155.00265715335468, 174.47152549855647, '2022-04-06 09:51:26'),
(399, 21, './test-truk-ori/truk1649213530.jpg', 201, 247, './test-truk-od/trukOD1649213531.jpg', 'kepala_truk', 98, 76, 13, 161, 158, 'badan_truk', 98, 9, -1, 209, 122, '0', 67.95726741922529, 42.455766404813644, '2022-04-06 09:52:11'),
(400, 21, './test-truk-ori/truk1649213532.jpg', 239, 322, './test-truk-od/trukOD1649213533.jpg', 'kepala_truk', 99, 109, 13, 201, 193, 'badan_truk', 97, 11, -3, 275, 147, '0', 135.54715163603564, 128.5418361544446, '2022-04-06 09:52:13'),
(401, 21, './test-truk-ori/truk1649213534.jpg', 208, 188, './test-truk-od/trukOD1649213535.jpg', 'kepala_truk', 99, 60, 60, 128, 120, 'badan_truk', 99, 6, 2, 165, 147, '1', 26.968120886689494, 46.7108357219783, '2022-04-06 09:52:15'),
(402, 21, './test-truk-ori/truk1649213536.jpg', 243, 217, './test-truk-od/trukOD1649213537.jpg', 'kepala_truk', 99, 67, 71, 150, 139, 'badan_truk', 99, 2, 2, 197, 173, '1', 29.103833189034713, 62.11509290822597, '2022-04-06 09:52:17'),
(403, 21, './test-truk-ori/truk1649213538.jpg', 283, 233, './test-truk-od/trukOD1649213538.jpg', 'kepala_truk', 98, 79, 87, 153, 161, 'badan_truk', 99, 0, 6, 221, 198, '1', 67.70842661069771, 96.01856008871016, '2022-04-06 09:52:18'),
(404, 21, './test-truk-ori/truk1649213540.jpg', 355, 326, './test-truk-od/trukOD1649213540.jpg', 'kepala_truk', 99, 106, 113, 221, 194, 'badan_truk', 99, 3, 3, 295, 255, '1', 182.781168168836, 203.68338032436967, '2022-04-06 09:52:20'),
(405, 21, './test-truk-ori/truk1649213587.jpg', 202, 230, './test-truk-od/trukOD1649213588.jpg', 'kepala_truk', 99, 87, 54, 142, 124, 'badan_truk', 98, 4, 2, 207, 143, '1', 32.914020061180295, 52.21878077823614, '2022-04-06 09:53:08'),
(406, 21, './test-truk-ori/truk1649213589.jpg', 236, 267, './test-truk-od/trukOD1649213590.jpg', 'kepala_truk', 99, 97, 63, 165, 141, 'badan_truk', 88, 0, 4, 232, 161, '1', 60.656482161503064, 77.61292466867451, '2022-04-06 09:53:10'),
(407, 21, './test-truk-ori/truk1649213591.jpg', 270, 333, './test-truk-od/trukOD1649213591.jpg', 'kepala_truk', 99, 128, 69, 202, 169, 'badan_truk', 81, -1, 4, 284, 188, '1', 132.18175027185356, 145.13838475918715, '2022-04-06 09:53:11'),
(408, 21, './test-truk-ori/truk1649213592.jpg', 232, 210, './test-truk-od/trukOD1649213593.jpg', 'kepala_truk', 78, 61, 84, 146, 127, 'badan_truk', 99, 4, 1, 193, 169, '1', 16.384725707725423, 60.167505516191916, '2022-04-06 09:53:13'),
(409, 21, './test-truk-ori/truk1649213594.jpg', 306, 257, './test-truk-od/trukOD1649213595.jpg', 'kepala_truk', 99, 71, 95, 185, 166, 'badan_truk', 98, 4, 9, 234, 205, '1', 93.6400744568149, 114.79046028878638, '2022-04-06 09:53:15'),
(410, 21, './test-truk-ori/truk1649213596.jpg', 379, 341, './test-truk-od/trukOD1649213597.jpg', 'kepala_truk', 99, 95, 117, 246, 221, 'badan_truk', 94, 0, 2, 315, 273, '1', 226.91495416749925, 243.87697770877926, '2022-04-06 09:53:17'),
(411, 21, './test-truk-ori/truk1649213626.jpg', 205, 208, './test-truk-od/trukOD1649213626.jpg', 'kepala_truk', 99, 77, 52, 126, 128, 'badan_truk', 99, 7, 1, 182, 147, '1', 22.664954389102977, 45.25388926199983, '2022-04-06 09:53:46'),
(412, 21, './test-truk-ori/truk1649213627.jpg', 235, 268, './test-truk-od/trukOD1649213628.jpg', 'kepala_truk', 99, 97, 62, 158, 148, 'badan_truk', 95, 5, -2, 235, 177, '1', 64.27429157435077, 88.55307147310094, '2022-04-06 09:53:48');

-- --------------------------------------------------------

--
-- Struktur dari tabel `learning`
--

CREATE TABLE `learning` (
  `id_learn` int(11) NOT NULL,
  `id_img` int(11) NOT NULL,
  `id_user` int(11) NOT NULL,
  `class` varchar(16) NOT NULL
) ENGINE=InnoDB DEFAULT CHARSET=latin1;

--
-- Dumping data untuk tabel `learning`
--

INSERT INTO `learning` (`id_learn`, `id_img`, `id_user`, `class`) VALUES
(11, 14, 1, '0'),
(12, 15, 1, '0'),
(13, 16, 1, '0'),
(14, 17, 1, '1'),
(15, 18, 1, '1'),
(16, 19, 1, '0'),
(17, 20, 1, '0'),
(18, 21, 1, '1'),
(19, 22, 1, '1'),
(20, 23, 1, '0'),
(21, 24, 1, '1'),
(22, 25, 1, '1'),
(23, 26, 1, '1'),
(24, 27, 1, '1'),
(25, 28, 1, '1'),
(26, 29, 1, '0'),
(27, 30, 1, '0'),
(28, 31, 1, '1'),
(29, 32, 1, '1'),
(30, 33, 1, '0'),
(31, 34, 1, '1'),
(32, 35, 1, '1'),
(33, 36, 1, '0'),
(34, 37, 1, '0'),
(35, 38, 1, '1'),
(36, 39, 1, '0'),
(37, 40, 1, '0'),
(38, 41, 1, '1'),
(39, 42, 1, '1'),
(40, 43, 1, '0'),
(41, 44, 1, '0'),
(42, 45, 1, '0'),
(43, 46, 1, '1'),
(44, 47, 1, '0'),
(45, 48, 1, '1'),
(46, 49, 1, '1'),
(47, 50, 1, '1'),
(48, 51, 1, '0'),
(49, 52, 1, '1'),
(50, 53, 1, '1'),
(51, 54, 1, '1'),
(52, 57, 1, '0'),
(53, 58, 1, '0'),
(54, 59, 1, '1'),
(55, 60, 1, '1'),
(56, 61, 1, '0'),
(57, 62, 1, '1'),
(58, 63, 1, '1'),
(59, 64, 1, '1'),
(60, 65, 1, '1'),
(61, 66, 1, '0'),
(62, 67, 1, '1'),
(63, 68, 1, '1'),
(64, 69, 1, '1'),
(65, 70, 1, '1'),
(66, 71, 1, '0'),
(67, 72, 1, '0'),
(68, 73, 1, '0'),
(69, 74, 1, '1'),
(70, 75, 1, '1'),
(71, 76, 1, '1'),
(72, 77, 1, '1'),
(73, 78, 1, '1'),
(74, 79, 1, '0'),
(75, 80, 1, '0'),
(76, 81, 1, '1'),
(77, 82, 1, '1'),
(78, 83, 1, '1'),
(79, 84, 1, '1'),
(80, 85, 1, '1'),
(81, 86, 1, '1'),
(82, 87, 1, '1'),
(83, 88, 1, '1'),
(84, 89, 1, '1'),
(85, 90, 1, '0'),
(86, 91, 1, '0'),
(87, 92, 1, '1'),
(88, 93, 1, '1'),
(89, 94, 1, '0'),
(90, 95, 1, '1'),
(91, 96, 1, '0'),
(92, 97, 1, '0'),
(93, 98, 1, '0'),
(94, 99, 1, '0'),
(95, 100, 1, '1'),
(96, 101, 1, '1'),
(97, 102, 1, '1'),
(98, 103, 1, '1'),
(99, 104, 1, '1'),
(100, 105, 1, '1'),
(101, 106, 1, '1'),
(102, 107, 1, '0'),
(103, 108, 1, '1'),
(104, 109, 1, '1'),
(105, 110, 1, '0'),
(106, 111, 1, '0'),
(107, 112, 1, '1'),
(108, 113, 1, '1'),
(109, 114, 1, '0'),
(110, 115, 1, '1'),
(111, 116, 1, '0'),
(112, 117, 1, '0'),
(113, 118, 1, '1'),
(114, 119, 1, '0'),
(115, 120, 1, '1'),
(116, 121, 1, '0'),
(117, 122, 1, '0'),
(118, 123, 1, '0'),
(119, 124, 1, '1'),
(120, 125, 1, '1'),
(121, 126, 1, '0'),
(122, 127, 1, '0'),
(123, 128, 1, '0'),
(124, 129, 1, '0'),
(125, 130, 1, '0'),
(126, 131, 1, '0'),
(127, 132, 1, '0'),
(128, 133, 1, '0'),
(129, 134, 1, '0'),
(130, 135, 1, '0'),
(131, 136, 1, '0'),
(132, 137, 1, '0'),
(133, 138, 1, '0'),
(134, 139, 1, '0'),
(135, 140, 1, '0'),
(136, 141, 1, '1'),
(137, 142, 1, '0'),
(138, 143, 1, '0'),
(139, 144, 1, '0'),
(140, 145, 1, '0'),
(141, 146, 1, '1'),
(142, 147, 1, '1'),
(143, 148, 1, '0'),
(144, 149, 1, '0'),
(145, 150, 1, '1'),
(146, 151, 1, '1'),
(147, 152, 1, '1'),
(148, 153, 1, '0'),
(149, 154, 1, '0'),
(150, 155, 1, '0'),
(151, 156, 1, '1'),
(152, 157, 1, '1'),
(153, 158, 1, '0'),
(154, 159, 1, '0'),
(155, 160, 1, '1'),
(156, 161, 1, '1'),
(157, 162, 1, '0'),
(158, 163, 1, '0'),
(159, 164, 1, '0'),
(160, 165, 1, '0'),
(161, 166, 1, '1'),
(162, 167, 1, '1'),
(163, 168, 1, '1'),
(164, 169, 1, '0'),
(165, 170, 1, '0'),
(166, 171, 1, '0'),
(167, 172, 1, '1'),
(168, 173, 1, '1'),
(169, 174, 1, '1'),
(170, 175, 1, '1'),
(171, 176, 1, '0'),
(172, 177, 1, '0'),
(173, 178, 1, '1'),
(174, 179, 1, '1'),
(175, 180, 1, '1'),
(176, 181, 1, '1'),
(177, 182, 1, '0'),
(178, 183, 1, '0'),
(179, 184, 1, '0'),
(180, 185, 1, '0'),
(181, 186, 1, '1'),
(182, 187, 1, '1'),
(183, 188, 1, '0'),
(184, 189, 1, '0'),
(185, 190, 1, '1'),
(186, 191, 1, '1'),
(187, 192, 1, '1'),
(188, 193, 1, '0'),
(189, 194, 1, '1'),
(190, 195, 1, '1'),
(191, 196, 1, '0'),
(192, 197, 1, '0'),
(193, 198, 1, '1'),
(194, 199, 1, '1'),
(195, 200, 1, '0'),
(196, 201, 1, '0'),
(197, 202, 1, '0'),
(198, 203, 1, '1'),
(199, 204, 1, '1'),
(200, 205, 1, '1'),
(201, 206, 1, '0'),
(202, 207, 1, '1'),
(203, 208, 1, '1'),
(204, 209, 1, '1'),
(205, 210, 1, '1'),
(206, 211, 1, '1'),
(207, 212, 1, '1'),
(208, 213, 1, '0'),
(209, 214, 1, '0'),
(210, 215, 1, '0'),
(211, 216, 1, '1'),
(212, 217, 1, '1'),
(213, 218, 1, '1'),
(214, 219, 1, '1'),
(215, 220, 1, '1'),
(216, 221, 1, '1'),
(217, 222, 1, '1'),
(218, 223, 1, '0'),
(219, 224, 1, '1'),
(220, 225, 1, '0'),
(221, 226, 1, '1'),
(222, 227, 1, '1'),
(223, 228, 1, '1'),
(224, 229, 1, '1'),
(225, 230, 1, '1'),
(226, 231, 1, '1'),
(227, 232, 1, '0'),
(228, 233, 1, '1'),
(229, 234, 1, '1'),
(230, 235, 1, '1'),
(231, 236, 1, '0'),
(232, 237, 1, '0'),
(233, 238, 1, '0'),
(234, 239, 1, '0'),
(235, 240, 1, '0'),
(236, 241, 1, '0'),
(237, 242, 1, '1'),
(238, 243, 1, '0'),
(239, 244, 1, '0'),
(240, 245, 1, '0'),
(241, 246, 1, '0'),
(242, 247, 1, '0'),
(243, 248, 1, '0'),
(244, 249, 1, '0'),
(245, 250, 1, '0'),
(246, 251, 1, '0'),
(247, 252, 1, '0'),
(248, 253, 1, '0'),
(249, 254, 1, '0'),
(250, 255, 1, '0'),
(251, 256, 1, '0'),
(252, 257, 1, '0'),
(253, 258, 1, '0'),
(254, 259, 1, '0'),
(255, 260, 1, '0'),
(256, 261, 1, '1'),
(257, 262, 1, '0'),
(258, 263, 1, '0'),
(259, 264, 1, '0'),
(260, 265, 1, '0'),
(261, 266, 1, '0'),
(262, 267, 1, '0'),
(263, 268, 1, '0'),
(264, 269, 1, '1'),
(265, 270, 1, '0'),
(266, 271, 1, '0'),
(267, 272, 1, '0'),
(268, 273, 1, '0'),
(269, 274, 1, '0'),
(270, 275, 1, '0'),
(271, 276, 1, '0'),
(272, 277, 1, '0'),
(273, 278, 1, '1'),
(274, 279, 1, '1'),
(275, 14, 2, '0'),
(276, 15, 2, '0'),
(277, 16, 2, '0'),
(278, 27, 2, '0'),
(279, 14, 3, '1'),
(280, 15, 3, '1'),
(281, 16, 3, '1'),
(282, 17, 3, '1'),
(283, 18, 3, '1'),
(284, 19, 3, '1'),
(285, 20, 3, '1'),
(286, 21, 3, '1'),
(287, 22, 3, '1'),
(288, 23, 3, '0'),
(289, 24, 3, '1'),
(290, 25, 3, '1'),
(291, 26, 3, '1'),
(292, 27, 3, '1'),
(293, 28, 3, '1'),
(294, 29, 3, '1'),
(295, 30, 3, '0'),
(296, 31, 3, '1'),
(297, 32, 3, '1'),
(298, 33, 3, '1'),
(299, 34, 3, '1'),
(300, 35, 3, '1'),
(301, 36, 3, '1'),
(302, 37, 3, '1'),
(303, 38, 3, '1'),
(304, 39, 3, '1'),
(305, 40, 3, '1'),
(306, 41, 3, '1'),
(307, 42, 3, '1'),
(308, 43, 3, '0'),
(309, 44, 3, '0'),
(310, 45, 3, '0'),
(311, 46, 3, '1'),
(312, 47, 3, '1'),
(313, 48, 3, '1'),
(314, 49, 3, '1'),
(315, 50, 3, '1'),
(316, 51, 3, '1'),
(317, 52, 3, '1'),
(318, 53, 3, '1'),
(319, 54, 3, '1'),
(320, 57, 3, '0'),
(321, 58, 3, '0'),
(322, 59, 3, '1'),
(323, 60, 3, '1'),
(324, 61, 3, '0'),
(325, 62, 3, '1'),
(326, 63, 3, '1'),
(327, 64, 3, '1'),
(328, 65, 3, '1'),
(329, 66, 3, '1'),
(330, 67, 3, '1'),
(331, 68, 3, '1'),
(332, 69, 3, '1'),
(333, 70, 3, '1'),
(334, 71, 3, '0'),
(335, 72, 3, '0'),
(336, 73, 3, '1'),
(337, 74, 3, '1'),
(338, 75, 3, '1'),
(339, 76, 3, '1'),
(340, 77, 3, '1'),
(341, 78, 3, '1'),
(342, 79, 3, '1'),
(343, 80, 3, '1'),
(344, 81, 3, '1'),
(345, 82, 3, '1'),
(346, 83, 3, '1'),
(347, 84, 3, '1'),
(348, 85, 3, '1'),
(349, 86, 3, '1'),
(350, 87, 3, '1'),
(351, 88, 3, '1'),
(352, 89, 3, '1'),
(353, 90, 3, '1'),
(354, 91, 3, '1'),
(355, 92, 3, '1'),
(356, 93, 3, '1'),
(357, 94, 3, '1'),
(358, 95, 3, '1'),
(359, 96, 3, '0'),
(360, 97, 3, '0'),
(361, 98, 3, '0'),
(362, 99, 3, '0'),
(363, 100, 3, '1'),
(364, 101, 3, '1'),
(365, 102, 3, '1'),
(366, 103, 3, '1'),
(367, 104, 3, '1'),
(368, 105, 3, '1'),
(369, 106, 3, '1'),
(370, 107, 3, '1'),
(371, 108, 3, '1'),
(372, 109, 3, '1'),
(373, 110, 3, '1'),
(374, 111, 3, '1'),
(375, 112, 3, '1'),
(376, 113, 3, '1'),
(377, 114, 3, '1'),
(378, 115, 3, '1'),
(379, 116, 3, '1'),
(380, 117, 3, '1'),
(381, 118, 3, '1'),
(382, 119, 3, '1'),
(383, 120, 3, '1'),
(384, 121, 3, '0'),
(385, 122, 3, '1'),
(386, 123, 3, '1'),
(387, 124, 3, '1'),
(388, 125, 3, '1'),
(389, 126, 3, '0'),
(390, 127, 3, '0'),
(391, 128, 3, '1'),
(392, 129, 3, '0'),
(393, 130, 3, '0'),
(394, 131, 3, '0'),
(395, 132, 3, '0'),
(396, 133, 3, '0'),
(397, 134, 3, '1'),
(398, 135, 3, '0'),
(399, 136, 3, '1'),
(400, 137, 3, '0'),
(401, 138, 3, '0'),
(402, 139, 3, '1'),
(403, 140, 3, '1'),
(404, 141, 3, '1'),
(405, 142, 3, '0'),
(406, 143, 3, '0'),
(407, 144, 3, '1'),
(408, 145, 3, '0'),
(409, 146, 3, '1'),
(410, 147, 3, '1'),
(411, 148, 3, '0'),
(412, 149, 3, '1'),
(413, 150, 3, '1'),
(414, 151, 3, '1'),
(415, 152, 3, '1'),
(416, 153, 3, '1'),
(417, 154, 3, '1'),
(418, 155, 3, '1'),
(419, 156, 3, '1'),
(420, 157, 3, '1'),
(421, 158, 3, '1'),
(422, 159, 3, '1'),
(423, 160, 3, '1'),
(424, 161, 3, '1'),
(425, 162, 3, '0'),
(426, 163, 3, '1'),
(427, 164, 3, '1'),
(428, 165, 3, '0'),
(429, 166, 3, '1'),
(430, 167, 3, '1'),
(431, 168, 3, '1'),
(432, 169, 3, '1'),
(433, 170, 3, '1'),
(434, 171, 3, '0'),
(435, 172, 3, '1'),
(436, 173, 3, '1'),
(437, 174, 3, '1'),
(438, 175, 3, '1'),
(439, 176, 3, '1'),
(440, 177, 3, '1'),
(441, 178, 3, '1'),
(442, 179, 3, '1'),
(443, 180, 3, '1'),
(444, 181, 3, '1'),
(445, 182, 3, '1'),
(446, 183, 3, '1'),
(447, 184, 3, '0'),
(448, 185, 3, '0'),
(449, 186, 3, '1'),
(450, 187, 3, '1'),
(451, 188, 3, '1'),
(452, 189, 3, '1'),
(453, 190, 3, '1'),
(454, 191, 3, '1'),
(455, 192, 3, '1'),
(456, 193, 3, '0'),
(457, 194, 3, '1'),
(458, 195, 3, '1'),
(459, 196, 3, '0'),
(460, 197, 3, '1'),
(461, 198, 3, '1'),
(462, 199, 3, '1'),
(463, 200, 3, '1'),
(464, 201, 3, '1'),
(465, 202, 3, '0'),
(466, 203, 3, '1'),
(467, 204, 3, '1'),
(468, 205, 3, '1'),
(469, 206, 3, '1'),
(470, 207, 3, '1'),
(471, 208, 3, '1'),
(472, 209, 3, '1'),
(473, 210, 3, '1'),
(474, 211, 3, '1'),
(475, 212, 3, '1'),
(476, 213, 3, '0'),
(477, 214, 3, '1'),
(478, 215, 3, '0'),
(479, 216, 3, '1'),
(480, 217, 3, '1'),
(481, 218, 3, '1'),
(482, 219, 3, '1'),
(483, 220, 3, '1'),
(484, 221, 3, '1'),
(485, 222, 3, '1'),
(486, 223, 3, '1'),
(487, 224, 3, '1'),
(488, 225, 3, '1'),
(489, 226, 3, '1'),
(490, 227, 3, '1'),
(491, 228, 3, '1'),
(492, 229, 3, '1'),
(493, 230, 3, '1'),
(494, 231, 3, '1'),
(495, 232, 3, '0'),
(496, 233, 3, '1'),
(497, 234, 3, '1'),
(498, 235, 3, '1'),
(499, 236, 3, '0'),
(500, 237, 3, '0'),
(501, 238, 3, '0'),
(502, 239, 3, '0'),
(503, 240, 3, '0'),
(504, 241, 3, '0'),
(505, 242, 3, '1'),
(506, 243, 3, '0'),
(507, 244, 3, '1'),
(508, 245, 3, '0'),
(509, 246, 3, '1'),
(510, 247, 3, '0'),
(511, 248, 3, '1'),
(512, 249, 3, '1'),
(513, 250, 3, '0'),
(514, 251, 3, '0'),
(515, 252, 3, '1'),
(516, 253, 3, '1'),
(517, 254, 3, '0'),
(518, 255, 3, '1'),
(519, 256, 3, '1'),
(520, 257, 3, '1'),
(521, 258, 3, '0'),
(522, 259, 3, '0'),
(523, 260, 3, '1'),
(524, 261, 3, '0'),
(525, 262, 3, '0'),
(526, 263, 3, '1'),
(527, 264, 3, '0'),
(528, 265, 3, '0'),
(529, 266, 3, '0'),
(530, 267, 3, '0'),
(531, 268, 3, '0'),
(532, 269, 3, '1'),
(533, 270, 3, '0'),
(534, 271, 3, '0'),
(535, 272, 3, '0'),
(536, 273, 3, '1'),
(537, 274, 3, '0'),
(538, 275, 3, '1'),
(539, 276, 3, '1'),
(540, 277, 3, '0'),
(541, 278, 3, '1'),
(542, 279, 3, '1');

-- --------------------------------------------------------

--
-- Struktur dari tabel `user`
--

CREATE TABLE `user` (
  `id_user` int(11) NOT NULL,
  `nama_user` varchar(128) NOT NULL,
  `peran_user` varchar(128) NOT NULL
) ENGINE=InnoDB DEFAULT CHARSET=latin1;

--
-- Dumping data untuk tabel `user`
--

INSERT INTO `user` (`id_user`, `nama_user`, `peran_user`) VALUES
(1, 'Developer', 'dev'),
(2, 'Police', 'pol'),
(3, 'Dishub', 'dishub');

-- --------------------------------------------------------

--
-- Struktur dari tabel `weight`
--

CREATE TABLE `weight` (
  `id_weight` int(11) NOT NULL,
  `wa_w_image` double DEFAULT NULL,
  `wa_h_image` double DEFAULT NULL,
  `wa_confidence_kepala` double DEFAULT NULL,
  `wa_x_kepala` double DEFAULT NULL,
  `wa_y_kepala` double DEFAULT NULL,
  `wa_w_kepala` double DEFAULT NULL,
  `wa_h_kepala` double DEFAULT NULL,
  `wa_confidence_badan` double DEFAULT NULL,
  `wa_x_badan` double DEFAULT NULL,
  `wa_y_badan` double DEFAULT NULL,
  `wa_w_badan` double DEFAULT NULL,
  `wa_h_badan` double DEFAULT NULL,
  `wb_w_image` double DEFAULT NULL,
  `wb_h_image` double DEFAULT NULL,
  `wb_confidence_kepala` double DEFAULT NULL,
  `wb_x_kepala` double DEFAULT NULL,
  `wb_y_kepala` double DEFAULT NULL,
  `wb_w_kepala` double DEFAULT NULL,
  `wb_h_kepala` double DEFAULT NULL,
  `wb_confidence_badan` double DEFAULT NULL,
  `wb_x_badan` double DEFAULT NULL,
  `wb_y_badan` double DEFAULT NULL,
  `wb_w_badan` double DEFAULT NULL,
  `wb_h_badan` double DEFAULT NULL,
  `prosentase` double NOT NULL,
  `alpha` float NOT NULL,
  `max_epoch` int(11) NOT NULL,
  `status_weight` varchar(16) NOT NULL,
  `datetime_weight` datetime NOT NULL
) ENGINE=InnoDB DEFAULT CHARSET=latin1;

--
-- Dumping data untuk tabel `weight`
--

INSERT INTO `weight` (`id_weight`, `wa_w_image`, `wa_h_image`, `wa_confidence_kepala`, `wa_x_kepala`, `wa_y_kepala`, `wa_w_kepala`, `wa_h_kepala`, `wa_confidence_badan`, `wa_x_badan`, `wa_y_badan`, `wa_w_badan`, `wa_h_badan`, `wb_w_image`, `wb_h_image`, `wb_confidence_kepala`, `wb_x_kepala`, `wb_y_kepala`, `wb_w_kepala`, `wb_h_kepala`, `wb_confidence_badan`, `wb_x_badan`, `wb_y_badan`, `wb_w_badan`, `wb_h_badan`, `prosentase`, `alpha`, `max_epoch`, `status_weight`, `datetime_weight`) VALUES
(1, NULL, NULL, NULL, NULL, NULL, 179.00952484301, 151.25409171131, NULL, NULL, NULL, 251.44270118571, 220.23069703128, NULL, NULL, NULL, NULL, NULL, 151.69364104979, 150.98153280453, NULL, NULL, NULL, 184.0948328584, 126.83666663087, 62.5, 0.07, 1500, 'NONAKTIF', '2022-04-05 14:32:11'),
(2, NULL, NULL, NULL, NULL, NULL, 10558.316472896, 7896.1066877073, NULL, NULL, NULL, 15283.379649727, 10185.615480138, NULL, NULL, NULL, NULL, NULL, 159.30070984811, 170.9970194994, NULL, NULL, NULL, 140.89186957017, 118.75109683673, 51.893939393939, 0.7, 1500, 'NONAKTIF', '2022-04-05 14:33:29'),
(3, NULL, NULL, NULL, NULL, NULL, 181.85993240507, 156.13464521193, NULL, NULL, NULL, 253.76976594746, 216.49497683587, NULL, NULL, NULL, NULL, NULL, 173.76615122041, 171.91493923359, NULL, NULL, NULL, 200.70715377682, 121.63438518544, 63.636363636364, 0.02, 1500, 'NONAKTIF', '2022-04-05 14:33:44'),
(4, NULL, NULL, NULL, NULL, NULL, 182.94724362787, 159.1203972265, NULL, NULL, NULL, 255.24852302093, 219.25932340762, NULL, NULL, NULL, NULL, NULL, 181.84552767843, 181.59042384207, NULL, NULL, NULL, 205.30359719101, 119.4601281684, 64.015151515152, 0.01, 1500, 'NONAKTIF', '2022-04-05 14:34:06'),
(8, NULL, NULL, NULL, NULL, NULL, 190.1637805846, 163.36936398918, NULL, NULL, NULL, 269.47098275169, 221.2513941138, NULL, NULL, NULL, NULL, NULL, 183.35923407241, 183.92532256401, NULL, NULL, NULL, 202.7558429478, 116.51582163271, 65.777777777778, 0.001, 1500, 'NONAKTIF', '2022-04-05 14:40:09'),
(9, NULL, NULL, NULL, NULL, NULL, 143.96666446231, 125.54180979953, NULL, NULL, NULL, 195.94629604014, 173.15949281514, NULL, NULL, NULL, NULL, NULL, 153.24924110449, 148.83440463363, NULL, NULL, NULL, 176.63175772777, 125.43965777107, 78.222222222222, 0.0001, 1500, 'NONAKTIF', '2022-04-05 14:40:43'),
(11, NULL, NULL, NULL, NULL, NULL, 58.817893264199, 52.634293162579, NULL, NULL, NULL, 79.063080411052, 77.060084395272, NULL, NULL, NULL, NULL, NULL, 123.5607877349, 144.0085242645, NULL, NULL, NULL, 92.307362100098, 17.041496154499, 71.555555555556, 0.00007, 1500, 'NONAKTIF', '2022-04-05 14:41:34'),
(12, NULL, NULL, NULL, NULL, NULL, 145.81757700045, 127.17807247703, NULL, NULL, NULL, 199.34748401719, 175.38179662651, NULL, NULL, NULL, NULL, NULL, 154.31543281288, 149.99489040626, NULL, NULL, NULL, 178.58129680906, 126.07815289235, 75.111111111111, 0.0001, 1500, 'NONAKTIF', '2022-04-05 14:41:57'),
(13, NULL, NULL, NULL, NULL, NULL, 131.39247763342, 113.57280404107, NULL, NULL, NULL, 176.56441048707, 160.22260983512, NULL, NULL, NULL, NULL, NULL, 150.55143681476, 148.55886163546, NULL, NULL, NULL, 163.90831313567, 111.59805192328, 85.777777777778, 0.00009, 1500, 'NONAKTIF', '2022-04-05 14:42:55'),
(14, NULL, NULL, NULL, NULL, NULL, 187.83484333244, 161.67392969604, NULL, NULL, NULL, 264.23790195593, 218.51716205854, NULL, NULL, NULL, NULL, NULL, 183.51100293308, 183.63618935438, NULL, NULL, NULL, 202.65815784195, 118.14019807383, 65.777777777778, 0.00009, 3000, 'NONAKTIF', '2022-04-05 14:43:43'),
(15, NULL, NULL, NULL, NULL, NULL, 137.48430236982, 119.55216709771, NULL, NULL, NULL, 184.48615524725, 165.3224765492, NULL, NULL, NULL, NULL, NULL, 151.43933999958, 147.77433405833, NULL, NULL, NULL, 169.82621715605, 119.60621891086, 87.111111111111, 0.00009, 1500, 'NONAKTIF', '2022-04-05 14:44:14'),
(17, NULL, NULL, NULL, NULL, NULL, 137.15607831958, 119.16308218505, NULL, NULL, NULL, 184.07255867419, 165.027452, NULL, NULL, NULL, NULL, NULL, 151.44923657673, 147.86824642432, NULL, NULL, NULL, 169.49331014537, 119.13161318902, 87.555555555556, 0.00009, 1500, 'NONAKTIF', '2022-04-05 14:46:08'),
(18, NULL, NULL, NULL, NULL, NULL, 143.71182066022, 125.36127100149, NULL, NULL, NULL, 195.52433616504, 172.85139725267, NULL, NULL, NULL, NULL, NULL, 153.06387165235, 148.63852470832, NULL, NULL, NULL, 176.3744571448, 125.35215544292, 77.777777777778, 0.000095, 1500, 'NONAKTIF', '2022-04-05 14:46:51'),
(19, NULL, NULL, NULL, NULL, NULL, 118.13478366641, 101.67438625568, NULL, NULL, NULL, 160.13027809052, 147.56962933831, NULL, NULL, NULL, NULL, NULL, 144.47924363943, 145.71228652846, NULL, NULL, NULL, 150.88002752845, 95.618772264635, 80.444444444444, 0.000087, 1500, 'NONAKTIF', '2022-04-05 14:47:19'),
(20, NULL, NULL, NULL, NULL, NULL, 130.72348269615, 112.95608884918, NULL, NULL, NULL, 175.83062675518, 159.64616890124, NULL, NULL, NULL, NULL, NULL, 150.39179216897, 148.56776663933, NULL, NULL, NULL, 163.33296241012, 110.72783846568, 86.222222222222, 0.000092, 1500, 'NONAKTIF', '2022-04-05 14:47:44'),
(21, NULL, NULL, NULL, NULL, NULL, 136.59315362412, 118.66386349199, NULL, NULL, NULL, 183.42147603893, 164.67204613876, NULL, NULL, NULL, NULL, NULL, 151.53601702199, 148.12519175617, NULL, NULL, NULL, 168.97437295581, 118.34452888412, 88.444444444444, 0.000091, 1500, 'AKTIF', '2022-04-05 14:48:10');

--
-- Indexes for dumped tables
--

--
-- Indeks untuk tabel `images`
--
ALTER TABLE `images`
  ADD PRIMARY KEY (`id_img`);

--
-- Indeks untuk tabel `images_test`
--
ALTER TABLE `images_test`
  ADD PRIMARY KEY (`id_img_test`);

--
-- Indeks untuk tabel `learning`
--
ALTER TABLE `learning`
  ADD PRIMARY KEY (`id_learn`);

--
-- Indeks untuk tabel `user`
--
ALTER TABLE `user`
  ADD PRIMARY KEY (`id_user`);

--
-- Indeks untuk tabel `weight`
--
ALTER TABLE `weight`
  ADD PRIMARY KEY (`id_weight`);

--
-- AUTO_INCREMENT untuk tabel yang dibuang
--

--
-- AUTO_INCREMENT untuk tabel `images`
--
ALTER TABLE `images`
  MODIFY `id_img` int(11) NOT NULL AUTO_INCREMENT, AUTO_INCREMENT=280;

--
-- AUTO_INCREMENT untuk tabel `images_test`
--
ALTER TABLE `images_test`
  MODIFY `id_img_test` int(11) NOT NULL AUTO_INCREMENT, AUTO_INCREMENT=413;

--
-- AUTO_INCREMENT untuk tabel `learning`
--
ALTER TABLE `learning`
  MODIFY `id_learn` int(11) NOT NULL AUTO_INCREMENT, AUTO_INCREMENT=543;

--
-- AUTO_INCREMENT untuk tabel `user`
--
ALTER TABLE `user`
  MODIFY `id_user` int(11) NOT NULL AUTO_INCREMENT, AUTO_INCREMENT=4;

--
-- AUTO_INCREMENT untuk tabel `weight`
--
ALTER TABLE `weight`
  MODIFY `id_weight` int(11) NOT NULL AUTO_INCREMENT, AUTO_INCREMENT=22;
COMMIT;

/*!40101 SET CHARACTER_SET_CLIENT=@OLD_CHARACTER_SET_CLIENT */;
/*!40101 SET CHARACTER_SET_RESULTS=@OLD_CHARACTER_SET_RESULTS */;
/*!40101 SET COLLATION_CONNECTION=@OLD_COLLATION_CONNECTION */;
